timestamp,task_name,name,index,clocks.current.graphics [MHz],cpu_usage,dram_usage,temperature.memory,clocks.current.sm [MHz],utilization.gpu [%],power.draw [W],pcie.link.gen.current,cpu_power,dram_power,pcie.link.width.current,temperature.gpu,clocks.current.memory [MHz],utilization.memory [%]
2025-10-19 07:29:31.5,workload_bart_small_centralus,NVIDIA A100 80GB PCIe,0,1410 MHz,0.0 %,0.8 %,64,1410 MHz,0 %,92.90 W,4,13.50 W (freq-based estimate),325.73 W (est),16,56,1512 MHz,0 %
2025-10-19 07:29:32.8,workload_bart_small_centralus,NVIDIA A100 80GB PCIe,0,1410 MHz,0.0 %,0.8 %,64,1410 MHz,0 %,93.61 W,4,13.50 W (freq-based estimate),325.73 W (est),16,56,1512 MHz,0 %
2025-10-19 07:29:34.1,workload_bart_small_centralus,NVIDIA A100 80GB PCIe,0,1410 MHz,0.0 %,0.8 %,64,1410 MHz,0 %,92.11 W,4,13.50 W (freq-based estimate),325.73 W (est),16,56,1512 MHz,0 %
2025-10-19 07:29:35.5,workload_bart_small_centralus,NVIDIA A100 80GB PCIe,0,1410 MHz,0.0 %,0.9 %,64,1410 MHz,0 %,91.81 W,4,13.50 W (freq-based estimate),325.94 W (est),16,55,1512 MHz,0 %
2025-10-19 07:29:37.0,workload_bart_small_centralus,NVIDIA A100 80GB PCIe,0,1410 MHz,0.0 %,0.9 %,64,1410 MHz,0 %,91.52 W,4,13.50 W (freq-based estimate),325.94 W (est),16,55,1512 MHz,0 %
2025-10-19 07:29:38.4,workload_bart_small_centralus,NVIDIA A100 80GB PCIe,0,1410 MHz,0.0 %,0.9 %,65,1410 MHz,0 %,91.38 W,4,13.50 W (freq-based estimate),326.16 W (est),16,55,1512 MHz,0 %
2025-10-19 07:29:39.7,workload_bart_small_centralus,NVIDIA A100 80GB PCIe,0,1410 MHz,0.0 %,1.1 %,63,1410 MHz,0 %,91.32 W,4,13.50 W (freq-based estimate),326.16 W (est),16,55,1512 MHz,0 %
2025-10-19 07:29:41.0,workload_bart_small_centralus,NVIDIA A100 80GB PCIe,0,1410 MHz,0.0 %,1.1 %,63,1410 MHz,0 %,91.23 W,4,13.50 W (freq-based estimate),326.38 W (est),16,55,1512 MHz,0 %
2025-10-19 07:29:42.3,workload_bart_small_centralus,NVIDIA A100 80GB PCIe,0,1410 MHz,0.0 %,1.1 %,63,1410 MHz,0 %,90.91 W,4,13.50 W (freq-based estimate),326.38 W (est),16,55,1512 MHz,0 %
2025-10-19 07:29:43.8,workload_bart_small_centralus,NVIDIA A100 80GB PCIe,0,1410 MHz,0.0 %,0.9 %,63,1410 MHz,0 %,90.61 W,4,13.50 W (freq-based estimate),325.94 W (est),16,54,1512 MHz,0 %
2025-10-19 07:29:45.3,workload_bart_small_centralus,NVIDIA A100 80GB PCIe,0,1410 MHz,0.0 %,1.0 %,63,1410 MHz,0 %,89.83 W,4,13.50 W (freq-based estimate),326.16 W (est),16,54,1512 MHz,0 %
2025-10-19 07:29:46.6,workload_bart_small_centralus,NVIDIA A100 80GB PCIe,0,1395 MHz,0.0 %,0.8 %,63,1395 MHz,36 %,324.66 W,4,13.50 W (freq-based estimate),325.94 W (est),16,57,1512 MHz,5 %
2025-10-19 07:29:47.9,workload_bart_small_centralus,NVIDIA A100 80GB PCIe,0,1395 MHz,0.0 %,0.9 %,65,1395 MHz,85 %,283.23 W,4,13.50 W (freq-based estimate),325.94 W (est),16,60,1512 MHz,14 %
2025-10-19 07:29:49.2,workload_bart_small_centralus,NVIDIA A100 80GB PCIe,0,1395 MHz,0.0 %,0.9 %,65,1395 MHz,88 %,291.73 W,4,13.50 W (freq-based estimate),325.94 W (est),16,60,1512 MHz,15 %
2025-10-19 07:29:50.5,workload_bart_small_centralus,NVIDIA A100 80GB PCIe,0,1395 MHz,0.0 %,0.9 %,65,1395 MHz,87 %,308.71 W,4,13.50 W (freq-based estimate),325.94 W (est),16,61,1512 MHz,14 %
2025-10-19 07:29:51.8,workload_bart_small_centralus,NVIDIA A100 80GB PCIe,0,1395 MHz,0.0 %,0.9 %,66,1395 MHz,88 %,283.14 W,4,13.50 W (freq-based estimate),325.94 W (est),16,61,1512 MHz,14 %
2025-10-19 07:29:53.1,workload_bart_small_centralus,NVIDIA A100 80GB PCIe,0,1395 MHz,0.0 %,0.9 %,66,1395 MHz,90 %,285.47 W,4,13.50 W (freq-based estimate),325.94 W (est),16,61,1512 MHz,14 %
2025-10-19 07:29:54.5,workload_bart_small_centralus,NVIDIA A100 80GB PCIe,0,1380 MHz,0.0 %,0.9 %,66,1380 MHz,88 %,288.81 W,4,13.50 W (freq-based estimate),325.94 W (est),16,61,1512 MHz,14 %
2025-10-19 07:29:55.8,workload_bart_small_centralus,NVIDIA A100 80GB PCIe,0,1395 MHz,0.0 %,0.9 %,66,1395 MHz,91 %,322.62 W,4,13.50 W (freq-based estimate),325.94 W (est),16,61,1512 MHz,14 %
2025-10-19 07:29:57.1,workload_bart_small_centralus,NVIDIA A100 80GB PCIe,0,1395 MHz,0.0 %,0.9 %,67,1395 MHz,90 %,316.12 W,4,13.50 W (freq-based estimate),325.94 W (est),16,62,1512 MHz,14 %
2025-10-19 07:29:58.4,workload_bart_small_centralus,NVIDIA A100 80GB PCIe,0,1395 MHz,0.0 %,0.9 %,67,1395 MHz,91 %,312.31 W,4,13.50 W (freq-based estimate),325.94 W (est),16,62,1512 MHz,14 %
2025-10-19 07:29:59.7,workload_bart_small_centralus,NVIDIA A100 80GB PCIe,0,1395 MHz,0.0 %,0.9 %,66,1395 MHz,91 %,293.97 W,4,13.50 W (freq-based estimate),325.94 W (est),16,63,1512 MHz,14 %
2025-10-19 07:30:01.0,workload_bart_small_centralus,NVIDIA A100 80GB PCIe,0,1395 MHz,0.0 %,0.9 %,66,1395 MHz,92 %,316.10 W,4,13.50 W (freq-based estimate),325.94 W (est),16,63,1512 MHz,14 %
2025-10-19 07:30:02.3,workload_bart_small_centralus,NVIDIA A100 80GB PCIe,0,1395 MHz,0.0 %,0.9 %,68,1395 MHz,87 %,310.07 W,4,13.50 W (freq-based estimate),325.94 W (est),16,63,1512 MHz,14 %
2025-10-19 07:30:03.6,workload_bart_small_centralus,NVIDIA A100 80GB PCIe,0,1380 MHz,0.0 %,0.9 %,68,1380 MHz,90 %,321.38 W,4,13.50 W (freq-based estimate),325.94 W (est),16,64,1512 MHz,14 %
2025-10-19 07:30:04.9,workload_bart_small_centralus,NVIDIA A100 80GB PCIe,0,1395 MHz,0.0 %,0.9 %,68,1395 MHz,88 %,323.79 W,4,13.50 W (freq-based estimate),325.94 W (est),16,64,1512 MHz,14 %
2025-10-19 07:30:06.2,workload_bart_small_centralus,NVIDIA A100 80GB PCIe,0,1395 MHz,0.0 %,0.9 %,69,1395 MHz,89 %,186.13 W,4,13.50 W (freq-based estimate),325.94 W (est),16,64,1512 MHz,14 %
2025-10-19 07:30:07.5,workload_bart_small_centralus,NVIDIA A100 80GB PCIe,0,1350 MHz,0.0 %,0.9 %,69,1350 MHz,91 %,267.84 W,4,13.50 W (freq-based estimate),325.94 W (est),16,64,1512 MHz,14 %
2025-10-19 07:30:08.9,workload_bart_small_centralus,NVIDIA A100 80GB PCIe,0,1380 MHz,0.0 %,0.9 %,68,1380 MHz,90 %,251.46 W,4,13.50 W (freq-based estimate),325.94 W (est),16,65,1512 MHz,14 %
2025-10-19 07:30:10.2,workload_bart_small_centralus,NVIDIA A100 80GB PCIe,0,1365 MHz,0.0 %,0.9 %,69,1365 MHz,93 %,322.75 W,4,13.50 W (freq-based estimate),325.94 W (est),16,65,1512 MHz,14 %
2025-10-19 07:30:11.5,workload_bart_small_centralus,NVIDIA A100 80GB PCIe,0,1380 MHz,0.0 %,0.9 %,70,1380 MHz,91 %,257.63 W,4,13.50 W (freq-based estimate),325.94 W (est),16,66,1512 MHz,14 %
2025-10-19 07:30:12.8,workload_bart_small_centralus,NVIDIA A100 80GB PCIe,0,1365 MHz,0.0 %,0.9 %,70,1365 MHz,91 %,240.36 W,4,13.50 W (freq-based estimate),325.94 W (est),16,66,1512 MHz,15 %
2025-10-19 07:30:14.1,workload_bart_small_centralus,NVIDIA A100 80GB PCIe,0,1380 MHz,0.0 %,0.9 %,70,1380 MHz,91 %,232.45 W,4,13.50 W (freq-based estimate),325.94 W (est),16,67,1512 MHz,14 %
2025-10-19 07:30:15.4,workload_bart_small_centralus,NVIDIA A100 80GB PCIe,0,1380 MHz,0.0 %,0.9 %,70,1380 MHz,88 %,287.31 W,4,13.50 W (freq-based estimate),325.94 W (est),16,67,1512 MHz,14 %
2025-10-19 07:30:16.7,workload_bart_small_centralus,NVIDIA A100 80GB PCIe,0,1365 MHz,0.0 %,0.9 %,69,1365 MHz,93 %,270.58 W,4,13.50 W (freq-based estimate),325.94 W (est),16,67,1512 MHz,14 %
2025-10-19 07:30:18.0,workload_bart_small_centralus,NVIDIA A100 80GB PCIe,0,1365 MHz,0.0 %,0.9 %,71,1365 MHz,88 %,282.62 W,4,13.50 W (freq-based estimate),325.94 W (est),16,67,1512 MHz,14 %
2025-10-19 07:30:19.3,workload_bart_small_centralus,NVIDIA A100 80GB PCIe,0,1380 MHz,0.0 %,0.9 %,70,1380 MHz,92 %,319.63 W,4,13.50 W (freq-based estimate),325.94 W (est),16,68,1512 MHz,14 %
2025-10-19 07:30:20.6,workload_bart_small_centralus,NVIDIA A100 80GB PCIe,0,1380 MHz,0.0 %,0.9 %,71,1380 MHz,88 %,258.22 W,4,13.50 W (freq-based estimate),325.94 W (est),16,68,1512 MHz,14 %
2025-10-19 07:30:21.9,workload_bart_small_centralus,NVIDIA A100 80GB PCIe,0,1380 MHz,0.0 %,0.9 %,71,1380 MHz,91 %,229.01 W,4,13.50 W (freq-based estimate),325.94 W (est),16,68,1512 MHz,14 %
2025-10-19 07:30:23.2,workload_bart_small_centralus,NVIDIA A100 80GB PCIe,0,1380 MHz,0.0 %,0.9 %,71,1380 MHz,91 %,256.36 W,4,13.50 W (freq-based estimate),325.94 W (est),16,69,1512 MHz,14 %
2025-10-19 07:30:24.6,workload_bart_small_centralus,NVIDIA A100 80GB PCIe,0,1365 MHz,0.0 %,0.9 %,72,1365 MHz,90 %,289.02 W,4,13.50 W (freq-based estimate),325.94 W (est),16,69,1512 MHz,14 %
2025-10-19 07:30:25.9,workload_bart_small_centralus,NVIDIA A100 80GB PCIe,0,1365 MHz,0.0 %,0.9 %,72,1365 MHz,91 %,291.25 W,4,13.50 W (freq-based estimate),325.94 W (est),16,69,1512 MHz,14 %
2025-10-19 07:30:27.2,workload_bart_small_centralus,NVIDIA A100 80GB PCIe,0,1380 MHz,0.0 %,0.9 %,72,1380 MHz,91 %,297.39 W,4,13.50 W (freq-based estimate),325.94 W (est),16,69,1512 MHz,14 %
2025-10-19 07:30:28.5,workload_bart_small_centralus,NVIDIA A100 80GB PCIe,0,1410 MHz,0.0 %,0.9 %,71,1410 MHz,37 %,157.58 W,4,13.50 W (freq-based estimate),326.38 W (est),16,65,1512 MHz,9 %
2025-10-19 07:30:29.8,workload_bart_small_centralus,NVIDIA A100 80GB PCIe,0,1395 MHz,0.0 %,1.1 %,72,1395 MHz,43 %,162.26 W,4,13.50 W (freq-based estimate),326.38 W (est),16,66,1512 MHz,10 %
2025-10-19 07:30:31.1,workload_bart_small_centralus,NVIDIA A100 80GB PCIe,0,1410 MHz,0.0 %,1.1 %,71,1410 MHz,41 %,153.76 W,4,13.50 W (freq-based estimate),326.38 W (est),16,65,1512 MHz,10 %
2025-10-19 07:30:32.4,workload_bart_small_centralus,NVIDIA A100 80GB PCIe,0,1395 MHz,0.0 %,1.1 %,72,1395 MHz,42 %,157.60 W,4,13.50 W (freq-based estimate),326.38 W (est),16,66,1512 MHz,9 %
2025-10-19 07:30:33.7,workload_bart_small_centralus,NVIDIA A100 80GB PCIe,0,1410 MHz,0.0 %,1.1 %,72,1410 MHz,41 %,149.80 W,4,13.50 W (freq-based estimate),326.38 W (est),16,65,1512 MHz,10 %
2025-10-19 07:30:35.1,workload_bart_small_centralus,NVIDIA A100 80GB PCIe,0,1410 MHz,0.0 %,1.1 %,72,1410 MHz,43 %,160.90 W,4,13.50 W (freq-based estimate),326.38 W (est),16,65,1512 MHz,10 %
2025-10-19 07:30:36.4,workload_bart_small_centralus,NVIDIA A100 80GB PCIe,0,1410 MHz,0.0 %,1.1 %,72,1410 MHz,50 %,160.71 W,4,13.50 W (freq-based estimate),326.38 W (est),16,67,1512 MHz,10 %
2025-10-19 07:30:37.7,workload_bart_small_centralus,NVIDIA A100 80GB PCIe,0,1410 MHz,0.0 %,1.1 %,72,1410 MHz,46 %,180.03 W,4,13.50 W (freq-based estimate),326.38 W (est),16,65,1512 MHz,9 %
2025-10-19 07:30:39.0,workload_bart_small_centralus,NVIDIA A100 80GB PCIe,0,1410 MHz,0.0 %,1.1 %,71,1410 MHz,50 %,157.91 W,4,13.50 W (freq-based estimate),326.38 W (est),16,65,1512 MHz,10 %
2025-10-19 07:30:40.3,workload_bart_small_centralus,NVIDIA A100 80GB PCIe,0,1395 MHz,0.0 %,1.1 %,72,1395 MHz,50 %,266.83 W,4,13.50 W (freq-based estimate),326.38 W (est),16,66,1512 MHz,10 %
2025-10-19 07:30:41.6,workload_bart_small_centralus,NVIDIA A100 80GB PCIe,0,1410 MHz,0.0 %,1.1 %,71,1410 MHz,49 %,155.37 W,4,13.50 W (freq-based estimate),326.38 W (est),16,65,1512 MHz,10 %
2025-10-19 07:30:42.9,workload_bart_small_centralus,NVIDIA A100 80GB PCIe,0,1395 MHz,0.0 %,1.1 %,72,1395 MHz,49 %,218.79 W,4,13.50 W (freq-based estimate),326.38 W (est),16,65,1512 MHz,10 %
2025-10-19 07:30:44.2,workload_bart_small_centralus,NVIDIA A100 80GB PCIe,0,1410 MHz,0.0 %,1.1 %,72,1410 MHz,49 %,156.44 W,4,13.50 W (freq-based estimate),326.38 W (est),16,65,1512 MHz,10 %
2025-10-19 07:30:45.6,workload_bart_small_centralus,NVIDIA A100 80GB PCIe,0,1410 MHz,0.0 %,1.1 %,72,1410 MHz,49 %,145.74 W,4,13.50 W (freq-based estimate),326.38 W (est),16,66,1512 MHz,10 %
2025-10-19 07:30:46.9,workload_bart_small_centralus,NVIDIA A100 80GB PCIe,0,1410 MHz,0.0 %,1.1 %,72,1410 MHz,49 %,329.45 W,4,13.50 W (freq-based estimate),326.38 W (est),16,66,1512 MHz,9 %
2025-10-19 07:30:48.2,workload_bart_small_centralus,NVIDIA A100 80GB PCIe,0,1410 MHz,0.0 %,1.1 %,72,1410 MHz,48 %,307.94 W,4,13.50 W (freq-based estimate),326.38 W (est),16,64,1512 MHz,9 %
2025-10-19 07:30:49.5,workload_bart_small_centralus,NVIDIA A100 80GB PCIe,0,1410 MHz,0.0 %,1.1 %,71,1410 MHz,49 %,146.36 W,4,13.50 W (freq-based estimate),326.38 W (est),16,64,1512 MHz,10 %
2025-10-19 07:30:50.8,workload_bart_small_centralus,NVIDIA A100 80GB PCIe,0,1395 MHz,0.0 %,1.1 %,72,1395 MHz,49 %,314.92 W,4,13.50 W (freq-based estimate),326.38 W (est),16,65,1512 MHz,10 %
2025-10-19 07:30:52.1,workload_bart_small_centralus,NVIDIA A100 80GB PCIe,0,1410 MHz,0.0 %,1.1 %,70,1410 MHz,49 %,145.32 W,4,13.50 W (freq-based estimate),326.38 W (est),16,64,1512 MHz,10 %
2025-10-19 07:30:53.4,workload_bart_small_centralus,NVIDIA A100 80GB PCIe,0,1395 MHz,0.0 %,1.1 %,70,1395 MHz,50 %,312.33 W,4,13.50 W (freq-based estimate),326.38 W (est),16,66,1512 MHz,10 %
2025-10-19 07:30:54.7,workload_bart_small_centralus,NVIDIA A100 80GB PCIe,0,1410 MHz,0.0 %,1.1 %,70,1410 MHz,50 %,144.66 W,4,13.50 W (freq-based estimate),326.38 W (est),16,64,1512 MHz,10 %
2025-10-19 07:30:56.0,workload_bart_small_centralus,NVIDIA A100 80GB PCIe,0,1395 MHz,0.0 %,1.1 %,70,1395 MHz,50 %,277.82 W,4,13.50 W (freq-based estimate),326.38 W (est),16,65,1512 MHz,10 %
2025-10-19 07:30:57.4,workload_bart_small_centralus,NVIDIA A100 80GB PCIe,0,1410 MHz,0.0 %,1.1 %,71,1410 MHz,50 %,310.25 W,4,13.50 W (freq-based estimate),326.38 W (est),16,64,1512 MHz,10 %
2025-10-19 07:30:58.7,workload_bart_small_centralus,NVIDIA A100 80GB PCIe,0,1410 MHz,0.0 %,1.1 %,70,1410 MHz,49 %,161.16 W,4,13.50 W (freq-based estimate),326.38 W (est),16,64,1512 MHz,10 %
2025-10-19 07:31:00.0,workload_bart_small_centralus,NVIDIA A100 80GB PCIe,0,1395 MHz,0.0 %,1.1 %,71,1395 MHz,51 %,326.64 W,4,13.50 W (freq-based estimate),326.38 W (est),16,66,1512 MHz,10 %
2025-10-19 07:31:01.3,workload_bart_small_centralus,NVIDIA A100 80GB PCIe,0,1410 MHz,0.0 %,1.1 %,70,1410 MHz,50 %,154.49 W,4,13.50 W (freq-based estimate),326.38 W (est),16,64,1512 MHz,10 %
2025-10-19 07:31:02.8,workload_bart_small_centralus,NVIDIA A100 80GB PCIe,0,1410 MHz,0.0 %,1.0 %,70,1410 MHz,0 %,100.57 W,4,13.50 W (freq-based estimate),326.16 W (est),16,62,1512 MHz,0 %
2025-10-19 07:31:04.9,workload_bart_small_centralus,NVIDIA A100 80GB PCIe,0,1410 MHz,0.0 %,1.0 %,70,1410 MHz,1 %,99.78 W,4,13.50 W (freq-based estimate),326.16 W (est),16,62,1512 MHz,0 %
2025-10-19 07:31:06.3,workload_bart_small_centralus,NVIDIA A100 80GB PCIe,0,1365 MHz,0.0 %,1.0 %,69,1365 MHz,47 %,298.09 W,4,13.50 W (freq-based estimate),326.16 W (est),16,65,1512 MHz,7 %
2025-10-19 07:31:07.6,workload_bart_small_centralus,NVIDIA A100 80GB PCIe,0,1395 MHz,0.0 %,1.0 %,71,1395 MHz,90 %,287.82 W,4,13.50 W (freq-based estimate),326.16 W (est),16,67,1512 MHz,14 %
2025-10-19 07:31:08.9,workload_bart_small_centralus,NVIDIA A100 80GB PCIe,0,1365 MHz,0.0 %,1.0 %,70,1365 MHz,82 %,290.88 W,4,13.50 W (freq-based estimate),326.16 W (est),16,67,1512 MHz,14 %
2025-10-19 07:31:10.2,workload_bart_small_centralus,NVIDIA A100 80GB PCIe,0,1395 MHz,0.0 %,1.0 %,71,1395 MHz,89 %,303.70 W,4,13.50 W (freq-based estimate),326.16 W (est),16,68,1512 MHz,14 %
2025-10-19 07:31:11.5,workload_bart_small_centralus,NVIDIA A100 80GB PCIe,0,1380 MHz,0.0 %,1.0 %,71,1380 MHz,91 %,261.08 W,4,13.50 W (freq-based estimate),326.16 W (est),16,68,1512 MHz,14 %
2025-10-19 07:31:12.8,workload_bart_small_centralus,NVIDIA A100 80GB PCIe,0,1380 MHz,0.0 %,1.0 %,72,1380 MHz,90 %,254.13 W,4,13.50 W (freq-based estimate),326.16 W (est),16,68,1512 MHz,14 %
2025-10-19 07:31:14.1,workload_bart_small_centralus,NVIDIA A100 80GB PCIe,0,1380 MHz,0.0 %,1.0 %,72,1380 MHz,90 %,219.56 W,4,13.50 W (freq-based estimate),326.16 W (est),16,69,1512 MHz,13 %
2025-10-19 07:31:15.4,workload_bart_small_centralus,NVIDIA A100 80GB PCIe,0,1380 MHz,0.0 %,1.0 %,72,1380 MHz,91 %,291.93 W,4,13.50 W (freq-based estimate),326.16 W (est),16,69,1512 MHz,14 %
2025-10-19 07:31:16.7,workload_bart_small_centralus,NVIDIA A100 80GB PCIe,0,1380 MHz,0.0 %,1.0 %,72,1380 MHz,87 %,287.04 W,4,13.50 W (freq-based estimate),326.16 W (est),16,69,1512 MHz,14 %
2025-10-19 07:31:18.0,workload_bart_small_centralus,NVIDIA A100 80GB PCIe,0,1380 MHz,0.0 %,1.0 %,72,1380 MHz,91 %,308.44 W,4,13.50 W (freq-based estimate),326.16 W (est),16,70,1512 MHz,14 %
2025-10-19 07:31:19.4,workload_bart_small_centralus,NVIDIA A100 80GB PCIe,0,1365 MHz,0.0 %,1.0 %,73,1365 MHz,92 %,305.60 W,4,13.50 W (freq-based estimate),326.16 W (est),16,70,1512 MHz,14 %
2025-10-19 07:31:20.7,workload_bart_small_centralus,NVIDIA A100 80GB PCIe,0,1365 MHz,0.0 %,1.0 %,73,1365 MHz,92 %,299.06 W,4,13.50 W (freq-based estimate),326.16 W (est),16,70,1512 MHz,14 %
2025-10-19 07:31:22.0,workload_bart_small_centralus,NVIDIA A100 80GB PCIe,0,1380 MHz,0.0 %,1.0 %,72,1380 MHz,90 %,254.57 W,4,13.50 W (freq-based estimate),326.16 W (est),16,70,1512 MHz,14 %
2025-10-19 07:31:23.3,workload_bart_small_centralus,NVIDIA A100 80GB PCIe,0,1365 MHz,0.0 %,1.0 %,73,1365 MHz,88 %,315.73 W,4,13.50 W (freq-based estimate),326.16 W (est),16,70,1512 MHz,14 %
2025-10-19 07:31:24.6,workload_bart_small_centralus,NVIDIA A100 80GB PCIe,0,1365 MHz,0.0 %,1.0 %,74,1365 MHz,86 %,294.95 W,4,13.50 W (freq-based estimate),326.16 W (est),16,71,1512 MHz,14 %
2025-10-19 07:31:25.9,workload_bart_small_centralus,NVIDIA A100 80GB PCIe,0,1365 MHz,0.0 %,1.0 %,74,1365 MHz,89 %,301.70 W,4,13.50 W (freq-based estimate),326.16 W (est),16,71,1512 MHz,15 %
2025-10-19 07:31:27.2,workload_bart_small_centralus,NVIDIA A100 80GB PCIe,0,1380 MHz,0.0 %,1.0 %,74,1380 MHz,86 %,295.16 W,4,13.50 W (freq-based estimate),326.16 W (est),16,71,1512 MHz,14 %
2025-10-19 07:31:28.5,workload_bart_small_centralus,NVIDIA A100 80GB PCIe,0,1350 MHz,0.0 %,1.0 %,74,1350 MHz,91 %,210.85 W,4,13.50 W (freq-based estimate),326.16 W (est),16,71,1512 MHz,14 %
2025-10-19 07:31:29.8,workload_bart_small_centralus,NVIDIA A100 80GB PCIe,0,1380 MHz,0.0 %,1.0 %,74,1380 MHz,92 %,241.99 W,4,13.50 W (freq-based estimate),326.16 W (est),16,72,1512 MHz,14 %
2025-10-19 07:31:31.1,workload_bart_small_centralus,NVIDIA A100 80GB PCIe,0,1365 MHz,0.0 %,1.0 %,73,1365 MHz,88 %,320.77 W,4,13.50 W (freq-based estimate),326.16 W (est),16,72,1512 MHz,14 %
2025-10-19 07:31:32.5,workload_bart_small_centralus,NVIDIA A100 80GB PCIe,0,1380 MHz,0.0 %,1.0 %,75,1380 MHz,91 %,312.22 W,4,13.50 W (freq-based estimate),326.16 W (est),16,72,1512 MHz,14 %
2025-10-19 07:31:33.8,workload_bart_small_centralus,NVIDIA A100 80GB PCIe,0,1365 MHz,0.0 %,1.0 %,74,1365 MHz,88 %,279.41 W,4,13.50 W (freq-based estimate),326.16 W (est),16,72,1512 MHz,14 %
2025-10-19 07:31:35.1,workload_bart_small_centralus,NVIDIA A100 80GB PCIe,0,1350 MHz,0.0 %,1.0 %,74,1350 MHz,86 %,311.84 W,4,13.50 W (freq-based estimate),326.16 W (est),16,72,1512 MHz,13 %
2025-10-19 07:31:36.4,workload_bart_small_centralus,NVIDIA A100 80GB PCIe,0,1365 MHz,0.0 %,1.0 %,75,1365 MHz,92 %,299.74 W,4,13.50 W (freq-based estimate),326.16 W (est),16,73,1512 MHz,14 %
2025-10-19 07:31:37.7,workload_bart_small_centralus,NVIDIA A100 80GB PCIe,0,1380 MHz,0.0 %,1.0 %,75,1380 MHz,87 %,305.90 W,4,13.50 W (freq-based estimate),326.16 W (est),16,73,1512 MHz,14 %
2025-10-19 07:31:39.0,workload_bart_small_centralus,NVIDIA A100 80GB PCIe,0,1365 MHz,0.0 %,1.0 %,76,1365 MHz,91 %,315.13 W,4,13.50 W (freq-based estimate),326.16 W (est),16,73,1512 MHz,15 %
2025-10-19 07:31:40.3,workload_bart_small_centralus,NVIDIA A100 80GB PCIe,0,1350 MHz,0.0 %,1.0 %,75,1350 MHz,91 %,310.48 W,4,13.50 W (freq-based estimate),326.16 W (est),16,73,1512 MHz,14 %
2025-10-19 07:31:41.6,workload_bart_small_centralus,NVIDIA A100 80GB PCIe,0,1365 MHz,0.0 %,1.0 %,76,1365 MHz,92 %,303.52 W,4,13.50 W (freq-based estimate),326.16 W (est),16,73,1512 MHz,14 %
2025-10-19 07:31:42.9,workload_bart_small_centralus,NVIDIA A100 80GB PCIe,0,1380 MHz,0.0 %,1.0 %,75,1380 MHz,87 %,281.85 W,4,13.50 W (freq-based estimate),326.16 W (est),16,73,1512 MHz,14 %
2025-10-19 07:31:44.2,workload_bart_small_centralus,NVIDIA A100 80GB PCIe,0,1350 MHz,0.0 %,1.0 %,76,1350 MHz,86 %,322.24 W,4,13.50 W (freq-based estimate),326.16 W (est),16,74,1512 MHz,14 %
2025-10-19 07:31:45.5,workload_bart_small_centralus,NVIDIA A100 80GB PCIe,0,1350 MHz,0.0 %,1.0 %,76,1350 MHz,88 %,287.84 W,4,13.50 W (freq-based estimate),326.16 W (est),16,74,1512 MHz,14 %
2025-10-19 07:31:46.9,workload_bart_small_centralus,NVIDIA A100 80GB PCIe,0,1365 MHz,0.0 %,1.0 %,76,1365 MHz,87 %,325.07 W,4,13.50 W (freq-based estimate),326.16 W (est),16,74,1512 MHz,14 %
2025-10-19 07:31:48.2,workload_bart_small_centralus,NVIDIA A100 80GB PCIe,0,1410 MHz,0.0 %,1.0 %,76,1410 MHz,29 %,164.58 W,4,13.50 W (freq-based estimate),326.38 W (est),16,70,1512 MHz,6 %
2025-10-19 07:31:49.5,workload_bart_small_centralus,NVIDIA A100 80GB PCIe,0,1395 MHz,0.0 %,1.1 %,76,1395 MHz,49 %,274.98 W,4,13.50 W (freq-based estimate),326.38 W (est),16,71,1512 MHz,10 %
2025-10-19 07:31:50.8,workload_bart_small_centralus,NVIDIA A100 80GB PCIe,0,1410 MHz,0.0 %,1.1 %,76,1410 MHz,49 %,169.43 W,4,13.50 W (freq-based estimate),326.38 W (est),16,70,1512 MHz,10 %
2025-10-19 07:31:52.1,workload_bart_small_centralus,NVIDIA A100 80GB PCIe,0,1395 MHz,0.0 %,1.1 %,75,1395 MHz,50 %,365.35 W,4,13.50 W (freq-based estimate),326.38 W (est),16,71,1512 MHz,10 %
2025-10-19 07:31:53.4,workload_bart_small_centralus,NVIDIA A100 80GB PCIe,0,1410 MHz,0.0 %,1.1 %,76,1410 MHz,50 %,164.03 W,4,13.50 W (freq-based estimate),326.38 W (est),16,70,1512 MHz,10 %
2025-10-19 07:31:54.7,workload_bart_small_centralus,NVIDIA A100 80GB PCIe,0,1380 MHz,0.0 %,1.1 %,75,1380 MHz,50 %,309.26 W,4,13.50 W (freq-based estimate),326.38 W (est),16,71,1512 MHz,10 %
2025-10-19 07:31:56.1,workload_bart_small_centralus,NVIDIA A100 80GB PCIe,0,1410 MHz,0.0 %,1.1 %,75,1410 MHz,49 %,150.11 W,4,13.50 W (freq-based estimate),326.38 W (est),16,70,1512 MHz,10 %
2025-10-19 07:31:57.4,workload_bart_small_centralus,NVIDIA A100 80GB PCIe,0,1395 MHz,0.0 %,1.1 %,74,1395 MHz,49 %,142.52 W,4,13.50 W (freq-based estimate),326.38 W (est),16,71,1512 MHz,10 %
2025-10-19 07:31:58.7,workload_bart_small_centralus,NVIDIA A100 80GB PCIe,0,1410 MHz,0.0 %,1.1 %,74,1410 MHz,49 %,286.28 W,4,13.50 W (freq-based estimate),326.38 W (est),16,70,1512 MHz,10 %
2025-10-19 07:32:00.0,workload_bart_small_centralus,NVIDIA A100 80GB PCIe,0,1410 MHz,0.0 %,1.1 %,74,1410 MHz,49 %,297.88 W,4,13.50 W (freq-based estimate),326.38 W (est),16,69,1512 MHz,10 %
2025-10-19 07:32:01.3,workload_bart_small_centralus,NVIDIA A100 80GB PCIe,0,1410 MHz,0.0 %,1.1 %,75,1410 MHz,50 %,154.76 W,4,13.50 W (freq-based estimate),326.38 W (est),16,69,1512 MHz,10 %
2025-10-19 07:32:02.6,workload_bart_small_centralus,NVIDIA A100 80GB PCIe,0,1395 MHz,0.0 %,1.1 %,74,1395 MHz,49 %,235.98 W,4,13.50 W (freq-based estimate),326.38 W (est),16,69,1512 MHz,10 %
2025-10-19 07:32:03.9,workload_bart_small_centralus,NVIDIA A100 80GB PCIe,0,1410 MHz,0.0 %,1.1 %,75,1410 MHz,51 %,157.39 W,4,13.50 W (freq-based estimate),326.38 W (est),16,69,1512 MHz,10 %
2025-10-19 07:32:05.2,workload_bart_small_centralus,NVIDIA A100 80GB PCIe,0,1395 MHz,0.0 %,1.1 %,75,1395 MHz,49 %,189.63 W,4,13.50 W (freq-based estimate),326.38 W (est),16,69,1512 MHz,10 %
2025-10-19 07:32:06.5,workload_bart_small_centralus,NVIDIA A100 80GB PCIe,0,1410 MHz,0.0 %,1.1 %,73,1410 MHz,47 %,159.88 W,4,13.50 W (freq-based estimate),326.38 W (est),16,68,1512 MHz,10 %
2025-10-19 07:32:07.9,workload_bart_small_centralus,NVIDIA A100 80GB PCIe,0,1410 MHz,0.0 %,1.1 %,73,1410 MHz,38 %,151.56 W,4,13.50 W (freq-based estimate),326.38 W (est),16,68,1512 MHz,8 %
2025-10-19 07:32:09.2,workload_bart_small_centralus,NVIDIA A100 80GB PCIe,0,1410 MHz,0.0 %,1.1 %,74,1410 MHz,38 %,123.89 W,4,13.50 W (freq-based estimate),326.38 W (est),16,68,1512 MHz,7 %
2025-10-19 07:32:10.5,workload_bart_small_centralus,NVIDIA A100 80GB PCIe,0,1410 MHz,0.0 %,1.1 %,73,1410 MHz,31 %,145.71 W,4,13.50 W (freq-based estimate),326.38 W (est),16,68,1512 MHz,8 %
2025-10-19 07:32:11.9,workload_bart_small_centralus,NVIDIA A100 80GB PCIe,0,1410 MHz,0.0 %,1.1 %,73,1410 MHz,8 %,142.36 W,4,13.50 W (freq-based estimate),326.38 W (est),16,67,1512 MHz,2 %
2025-10-19 07:32:13.3,workload_bart_small_centralus,NVIDIA A100 80GB PCIe,0,1380 MHz,0.0 %,1.1 %,73,1380 MHz,47 %,269.52 W,4,13.50 W (freq-based estimate),326.38 W (est),16,69,1512 MHz,9 %
2025-10-19 07:32:14.6,workload_bart_small_centralus,NVIDIA A100 80GB PCIe,0,1410 MHz,0.0 %,1.1 %,74,1410 MHz,41 %,308.69 W,4,13.50 W (freq-based estimate),326.38 W (est),16,70,1512 MHz,9 %
2025-10-19 07:32:15.9,workload_bart_small_centralus,NVIDIA A100 80GB PCIe,0,1410 MHz,0.0 %,1.1 %,74,1410 MHz,40 %,160.45 W,4,13.50 W (freq-based estimate),326.38 W (est),16,67,1512 MHz,9 %
2025-10-19 07:32:17.2,workload_bart_small_centralus,NVIDIA A100 80GB PCIe,0,1410 MHz,0.0 %,1.1 %,73,1410 MHz,46 %,158.49 W,4,13.50 W (freq-based estimate),326.38 W (est),16,67,1512 MHz,9 %
2025-10-19 07:32:18.5,workload_bart_small_centralus,NVIDIA A100 80GB PCIe,0,1410 MHz,0.0 %,1.1 %,74,1410 MHz,38 %,152.38 W,4,13.50 W (freq-based estimate),326.38 W (est),16,67,1512 MHz,9 %
2025-10-19 07:32:19.8,workload_bart_small_centralus,NVIDIA A100 80GB PCIe,0,1410 MHz,0.0 %,1.1 %,74,1410 MHz,48 %,156.40 W,4,13.50 W (freq-based estimate),326.38 W (est),16,67,1512 MHz,9 %
2025-10-19 07:32:21.1,workload_bart_small_centralus,NVIDIA A100 80GB PCIe,0,1410 MHz,0.0 %,1.1 %,73,1410 MHz,47 %,161.90 W,4,13.50 W (freq-based estimate),326.38 W (est),16,67,1512 MHz,9 %
2025-10-19 07:32:22.4,workload_bart_small_centralus,NVIDIA A100 80GB PCIe,0,1410 MHz,0.0 %,1.1 %,72,1410 MHz,47 %,151.65 W,4,13.50 W (freq-based estimate),326.38 W (est),16,67,1512 MHz,9 %
2025-10-19 07:32:23.7,workload_bart_small_centralus,NVIDIA A100 80GB PCIe,0,1380 MHz,0.0 %,1.1 %,74,1380 MHz,48 %,304.98 W,4,13.50 W (freq-based estimate),326.38 W (est),16,69,1512 MHz,9 %
2025-10-19 07:32:25.3,workload_bart_small_centralus,NVIDIA A100 80GB PCIe,0,1410 MHz,0.0 %,1.0 %,72,1410 MHz,0 %,104.47 W,4,13.50 W (freq-based estimate),326.16 W (est),16,65,1512 MHz,0 %
2025-10-19 07:32:27.4,workload_bart_small_centralus,NVIDIA A100 80GB PCIe,0,1410 MHz,0.0 %,1.0 %,72,1410 MHz,2 %,102.98 W,4,13.50 W (freq-based estimate),326.16 W (est),16,64,1512 MHz,0 %
2025-10-19 07:32:28.8,workload_bart_small_centralus,NVIDIA A100 80GB PCIe,0,1365 MHz,0.0 %,1.0 %,73,1365 MHz,88 %,283.02 W,4,13.50 W (freq-based estimate),326.16 W (est),16,68,1512 MHz,14 %
2025-10-19 07:32:30.1,workload_bart_small_centralus,NVIDIA A100 80GB PCIe,0,1380 MHz,0.0 %,1.0 %,72,1380 MHz,90 %,283.43 W,4,13.50 W (freq-based estimate),326.16 W (est),16,69,1512 MHz,14 %
2025-10-19 07:32:31.5,workload_bart_small_centralus,NVIDIA A100 80GB PCIe,0,1380 MHz,0.0 %,1.0 %,72,1380 MHz,89 %,246.45 W,4,13.50 W (freq-based estimate),326.16 W (est),16,70,1512 MHz,14 %
2025-10-19 07:32:32.8,workload_bart_small_centralus,NVIDIA A100 80GB PCIe,0,1380 MHz,0.0 %,1.0 %,73,1380 MHz,89 %,317.57 W,4,13.50 W (freq-based estimate),326.16 W (est),16,70,1512 MHz,14 %
2025-10-19 07:32:34.1,workload_bart_small_centralus,NVIDIA A100 80GB PCIe,0,1380 MHz,0.0 %,1.0 %,73,1380 MHz,88 %,319.31 W,4,13.50 W (freq-based estimate),326.16 W (est),16,70,1512 MHz,14 %
2025-10-19 07:32:35.4,workload_bart_small_centralus,NVIDIA A100 80GB PCIe,0,1365 MHz,0.0 %,1.0 %,74,1365 MHz,90 %,302.56 W,4,13.50 W (freq-based estimate),326.16 W (est),16,71,1512 MHz,14 %
2025-10-19 07:32:36.7,workload_bart_small_centralus,NVIDIA A100 80GB PCIe,0,1380 MHz,0.0 %,1.0 %,74,1380 MHz,87 %,243.08 W,4,13.50 W (freq-based estimate),326.16 W (est),16,70,1512 MHz,14 %
2025-10-19 07:32:38.0,workload_bart_small_centralus,NVIDIA A100 80GB PCIe,0,1380 MHz,0.0 %,1.0 %,74,1380 MHz,89 %,306.07 W,4,13.50 W (freq-based estimate),326.16 W (est),16,72,1512 MHz,14 %
2025-10-19 07:32:39.3,workload_bart_small_centralus,NVIDIA A100 80GB PCIe,0,1365 MHz,0.0 %,1.0 %,73,1365 MHz,83 %,322.87 W,4,13.50 W (freq-based estimate),326.16 W (est),16,71,1512 MHz,14 %
2025-10-19 07:32:40.6,workload_bart_small_centralus,NVIDIA A100 80GB PCIe,0,1380 MHz,0.0 %,1.0 %,75,1380 MHz,88 %,234.10 W,4,13.50 W (freq-based estimate),326.16 W (est),16,71,1512 MHz,14 %
2025-10-19 07:32:41.9,workload_bart_small_centralus,NVIDIA A100 80GB PCIe,0,1365 MHz,0.0 %,1.0 %,75,1365 MHz,90 %,286.74 W,4,13.50 W (freq-based estimate),326.16 W (est),16,72,1512 MHz,15 %
2025-10-19 07:32:43.2,workload_bart_small_centralus,NVIDIA A100 80GB PCIe,0,1350 MHz,0.0 %,1.0 %,74,1350 MHz,90 %,313.82 W,4,13.50 W (freq-based estimate),326.16 W (est),16,72,1512 MHz,13 %
2025-10-19 07:32:44.5,workload_bart_small_centralus,NVIDIA A100 80GB PCIe,0,1365 MHz,0.0 %,1.0 %,75,1365 MHz,88 %,321.99 W,4,13.50 W (freq-based estimate),326.16 W (est),16,73,1512 MHz,14 %
2025-10-19 07:32:45.9,workload_bart_small_centralus,NVIDIA A100 80GB PCIe,0,1395 MHz,0.0 %,1.0 %,75,1395 MHz,87 %,305.75 W,4,13.50 W (freq-based estimate),326.16 W (est),16,73,1512 MHz,14 %
2025-10-19 07:32:47.2,workload_bart_small_centralus,NVIDIA A100 80GB PCIe,0,1380 MHz,0.0 %,1.0 %,75,1380 MHz,90 %,186.54 W,4,13.50 W (freq-based estimate),326.16 W (est),16,72,1512 MHz,13 %
2025-10-19 07:32:48.5,workload_bart_small_centralus,NVIDIA A100 80GB PCIe,0,1380 MHz,0.0 %,1.0 %,75,1380 MHz,90 %,202.94 W,4,13.50 W (freq-based estimate),326.16 W (est),16,73,1512 MHz,13 %
2025-10-19 07:32:49.8,workload_bart_small_centralus,NVIDIA A100 80GB PCIe,0,1365 MHz,0.0 %,1.0 %,76,1365 MHz,89 %,299.64 W,4,13.50 W (freq-based estimate),326.16 W (est),16,73,1512 MHz,13 %
2025-10-19 07:32:51.1,workload_bart_small_centralus,NVIDIA A100 80GB PCIe,0,1380 MHz,0.0 %,1.0 %,75,1380 MHz,90 %,285.70 W,4,13.50 W (freq-based estimate),326.16 W (est),16,74,1512 MHz,14 %
2025-10-19 07:32:52.4,workload_bart_small_centralus,NVIDIA A100 80GB PCIe,0,1380 MHz,0.0 %,1.0 %,75,1380 MHz,90 %,310.34 W,4,13.50 W (freq-based estimate),326.16 W (est),16,74,1512 MHz,13 %
2025-10-19 07:32:53.7,workload_bart_small_centralus,NVIDIA A100 80GB PCIe,0,1365 MHz,0.0 %,1.0 %,76,1365 MHz,88 %,237.23 W,4,13.50 W (freq-based estimate),326.16 W (est),16,74,1512 MHz,13 %
2025-10-19 07:32:55.0,workload_bart_small_centralus,NVIDIA A100 80GB PCIe,0,1350 MHz,0.0 %,1.0 %,75,1350 MHz,90 %,316.16 W,4,13.50 W (freq-based estimate),326.16 W (est),16,74,1512 MHz,13 %
2025-10-19 07:32:56.3,workload_bart_small_centralus,NVIDIA A100 80GB PCIe,0,1365 MHz,0.0 %,1.0 %,76,1365 MHz,90 %,304.73 W,4,13.50 W (freq-based estimate),326.16 W (est),16,74,1512 MHz,14 %
2025-10-19 07:32:57.7,workload_bart_small_centralus,NVIDIA A100 80GB PCIe,0,1365 MHz,0.0 %,1.0 %,77,1365 MHz,80 %,311.69 W,4,13.50 W (freq-based estimate),326.16 W (est),16,75,1512 MHz,13 %
2025-10-19 07:32:59.0,workload_bart_small_centralus,NVIDIA A100 80GB PCIe,0,1365 MHz,0.0 %,1.0 %,77,1365 MHz,88 %,311.46 W,4,13.50 W (freq-based estimate),326.16 W (est),16,75,1512 MHz,13 %
2025-10-19 07:33:00.3,workload_bart_small_centralus,NVIDIA A100 80GB PCIe,0,1380 MHz,0.0 %,1.0 %,77,1380 MHz,92 %,316.94 W,4,13.50 W (freq-based estimate),326.16 W (est),16,74,1512 MHz,14 %
2025-10-19 07:33:01.6,workload_bart_small_centralus,NVIDIA A100 80GB PCIe,0,1380 MHz,0.0 %,1.0 %,76,1380 MHz,81 %,314.61 W,4,13.50 W (freq-based estimate),326.16 W (est),16,74,1512 MHz,12 %
2025-10-19 07:33:02.9,workload_bart_small_centralus,NVIDIA A100 80GB PCIe,0,1380 MHz,0.0 %,1.0 %,76,1380 MHz,91 %,269.58 W,4,13.50 W (freq-based estimate),326.16 W (est),16,75,1512 MHz,14 %
2025-10-19 07:33:04.2,workload_bart_small_centralus,NVIDIA A100 80GB PCIe,0,1350 MHz,0.0 %,1.0 %,77,1350 MHz,85 %,325.10 W,4,13.50 W (freq-based estimate),326.16 W (est),16,74,1512 MHz,13 %
2025-10-19 07:33:05.5,workload_bart_small_centralus,NVIDIA A100 80GB PCIe,0,1365 MHz,0.0 %,1.0 %,77,1365 MHz,92 %,328.18 W,4,13.50 W (freq-based estimate),326.16 W (est),16,75,1512 MHz,14 %
2025-10-19 07:33:06.8,workload_bart_small_centralus,NVIDIA A100 80GB PCIe,0,1350 MHz,0.0 %,1.0 %,76,1350 MHz,88 %,305.02 W,4,13.50 W (freq-based estimate),326.16 W (est),16,74,1512 MHz,14 %
2025-10-19 07:33:08.1,workload_bart_small_centralus,NVIDIA A100 80GB PCIe,0,1365 MHz,0.0 %,1.0 %,76,1365 MHz,90 %,283.45 W,4,13.50 W (freq-based estimate),326.16 W (est),16,75,1512 MHz,13 %
2025-10-19 07:33:09.5,workload_bart_small_centralus,NVIDIA A100 80GB PCIe,0,1350 MHz,0.0 %,1.0 %,77,1350 MHz,90 %,295.92 W,4,13.50 W (freq-based estimate),326.16 W (est),16,75,1512 MHz,14 %
2025-10-19 07:33:11.0,workload_bart_small_centralus,NVIDIA A100 80GB PCIe,0,1410 MHz,0.0 %,1.0 %,75,1410 MHz,0 %,109.95 W,4,13.50 W (freq-based estimate),326.38 W (est),16,69,1512 MHz,0 %
2025-10-19 07:33:12.4,workload_bart_small_centralus,NVIDIA A100 80GB PCIe,0,1410 MHz,0.0 %,1.1 %,75,1410 MHz,38 %,158.98 W,4,13.50 W (freq-based estimate),326.38 W (est),16,70,1512 MHz,9 %
2025-10-19 07:33:13.7,workload_bart_small_centralus,NVIDIA A100 80GB PCIe,0,1380 MHz,0.0 %,1.1 %,75,1380 MHz,39 %,164.65 W,4,13.50 W (freq-based estimate),326.38 W (est),16,71,1512 MHz,10 %
2025-10-19 07:33:15.0,workload_bart_small_centralus,NVIDIA A100 80GB PCIe,0,1395 MHz,0.0 %,1.1 %,75,1395 MHz,48 %,204.48 W,4,13.50 W (freq-based estimate),326.38 W (est),16,70,1512 MHz,9 %
2025-10-19 07:33:16.4,workload_bart_small_centralus,NVIDIA A100 80GB PCIe,0,1410 MHz,0.0 %,1.1 %,74,1410 MHz,48 %,162.71 W,4,13.50 W (freq-based estimate),326.38 W (est),16,69,1512 MHz,9 %
2025-10-19 07:33:17.7,workload_bart_small_centralus,NVIDIA A100 80GB PCIe,0,1410 MHz,0.0 %,1.1 %,75,1410 MHz,48 %,153.00 W,4,13.50 W (freq-based estimate),326.38 W (est),16,69,1512 MHz,9 %
2025-10-19 07:33:19.0,workload_bart_small_centralus,NVIDIA A100 80GB PCIe,0,1410 MHz,0.0 %,1.1 %,75,1410 MHz,41 %,140.69 W,4,13.50 W (freq-based estimate),326.38 W (est),16,68,1512 MHz,9 %
2025-10-19 07:33:20.3,workload_bart_small_centralus,NVIDIA A100 80GB PCIe,0,1410 MHz,0.0 %,1.1 %,73,1410 MHz,38 %,148.62 W,4,13.50 W (freq-based estimate),326.38 W (est),16,68,1512 MHz,9 %
2025-10-19 07:33:21.6,workload_bart_small_centralus,NVIDIA A100 80GB PCIe,0,1380 MHz,0.0 %,1.1 %,73,1380 MHz,49 %,164.89 W,4,13.50 W (freq-based estimate),326.38 W (est),16,70,1512 MHz,10 %
2025-10-19 07:33:22.9,workload_bart_small_centralus,NVIDIA A100 80GB PCIe,0,1395 MHz,0.0 %,1.1 %,74,1395 MHz,49 %,197.12 W,4,13.50 W (freq-based estimate),326.38 W (est),16,68,1512 MHz,10 %
2025-10-19 07:33:24.2,workload_bart_small_centralus,NVIDIA A100 80GB PCIe,0,1410 MHz,0.0 %,1.1 %,74,1410 MHz,49 %,155.87 W,4,13.50 W (freq-based estimate),326.38 W (est),16,67,1512 MHz,10 %
2025-10-19 07:33:25.5,workload_bart_small_centralus,NVIDIA A100 80GB PCIe,0,1395 MHz,0.0 %,1.1 %,74,1395 MHz,49 %,156.42 W,4,13.50 W (freq-based estimate),326.38 W (est),16,69,1512 MHz,10 %
2025-10-19 07:33:26.8,workload_bart_small_centralus,NVIDIA A100 80GB PCIe,0,1395 MHz,0.0 %,1.1 %,72,1395 MHz,41 %,305.27 W,4,13.50 W (freq-based estimate),326.38 W (est),16,67,1512 MHz,9 %
2025-10-19 07:33:28.2,workload_bart_small_centralus,NVIDIA A100 80GB PCIe,0,1410 MHz,0.0 %,1.1 %,73,1410 MHz,39 %,147.03 W,4,13.50 W (freq-based estimate),326.38 W (est),16,67,1512 MHz,10 %
2025-10-19 07:33:29.5,workload_bart_small_centralus,NVIDIA A100 80GB PCIe,0,1410 MHz,0.0 %,1.1 %,72,1410 MHz,48 %,151.89 W,4,13.50 W (freq-based estimate),326.38 W (est),16,66,1512 MHz,10 %
2025-10-19 07:33:30.8,workload_bart_small_centralus,NVIDIA A100 80GB PCIe,0,1410 MHz,0.0 %,1.1 %,73,1410 MHz,49 %,142.53 W,4,13.50 W (freq-based estimate),326.38 W (est),16,66,1512 MHz,10 %
2025-10-19 07:33:32.1,workload_bart_small_centralus,NVIDIA A100 80GB PCIe,0,1410 MHz,0.0 %,1.1 %,73,1410 MHz,48 %,139.59 W,4,13.50 W (freq-based estimate),326.38 W (est),16,65,1512 MHz,9 %
2025-10-19 07:33:33.4,workload_bart_small_centralus,NVIDIA A100 80GB PCIe,0,1395 MHz,0.0 %,1.1 %,73,1395 MHz,47 %,152.45 W,4,13.50 W (freq-based estimate),326.38 W (est),16,67,1512 MHz,9 %
2025-10-19 07:33:34.7,workload_bart_small_centralus,NVIDIA A100 80GB PCIe,0,1410 MHz,0.0 %,1.1 %,72,1410 MHz,45 %,155.87 W,4,13.50 W (freq-based estimate),326.38 W (est),16,66,1512 MHz,9 %
2025-10-19 07:33:36.0,workload_bart_small_centralus,NVIDIA A100 80GB PCIe,0,1410 MHz,0.0 %,1.1 %,73,1410 MHz,48 %,141.94 W,4,13.50 W (freq-based estimate),326.38 W (est),16,65,1512 MHz,10 %
2025-10-19 07:33:37.3,workload_bart_small_centralus,NVIDIA A100 80GB PCIe,0,1410 MHz,0.0 %,1.1 %,71,1410 MHz,45 %,223.12 W,4,13.50 W (freq-based estimate),326.38 W (est),16,67,1512 MHz,9 %
2025-10-19 07:33:38.7,workload_bart_small_centralus,NVIDIA A100 80GB PCIe,0,1410 MHz,0.0 %,1.1 %,72,1410 MHz,49 %,160.52 W,4,13.50 W (freq-based estimate),326.38 W (est),16,65,1512 MHz,9 %
2025-10-19 07:33:40.0,workload_bart_small_centralus,NVIDIA A100 80GB PCIe,0,1410 MHz,0.0 %,1.1 %,71,1410 MHz,49 %,155.49 W,4,13.50 W (freq-based estimate),326.38 W (est),16,65,1512 MHz,10 %
2025-10-19 07:33:41.3,workload_bart_small_centralus,NVIDIA A100 80GB PCIe,0,1410 MHz,0.0 %,1.1 %,71,1410 MHz,49 %,152.18 W,4,13.50 W (freq-based estimate),326.38 W (est),16,65,1512 MHz,9 %
2025-10-19 07:33:42.6,workload_bart_small_centralus,NVIDIA A100 80GB PCIe,0,1410 MHz,0.0 %,1.1 %,71,1410 MHz,48 %,162.71 W,4,13.50 W (freq-based estimate),326.38 W (est),16,65,1512 MHz,10 %
2025-10-19 07:33:43.9,workload_bart_small_centralus,NVIDIA A100 80GB PCIe,0,1395 MHz,0.0 %,1.1 %,72,1395 MHz,50 %,217.34 W,4,13.50 W (freq-based estimate),326.38 W (est),16,66,1512 MHz,10 %
2025-10-19 07:33:45.2,workload_bart_small_centralus,NVIDIA A100 80GB PCIe,0,1410 MHz,0.0 %,1.1 %,71,1410 MHz,48 %,156.43 W,4,13.50 W (freq-based estimate),326.38 W (est),16,65,1512 MHz,10 %
2025-10-19 07:33:46.7,workload_bart_small_centralus,NVIDIA A100 80GB PCIe,0,1410 MHz,0.0 %,1.0 %,71,1410 MHz,0 %,101.46 W,4,13.50 W (freq-based estimate),326.16 W (est),16,63,1512 MHz,0 %
2025-10-19 07:33:48.6,workload_bart_small_centralus,NVIDIA A100 80GB PCIe,0,1410 MHz,0.0 %,1.0 %,71,1410 MHz,0 %,100.49 W,4,13.50 W (freq-based estimate),326.16 W (est),16,63,1512 MHz,0 %
2025-10-19 07:33:49.9,workload_bart_small_centralus,NVIDIA A100 80GB PCIe,0,1410 MHz,0.0 %,1.0 %,71,1410 MHz,2 %,100.68 W,4,13.50 W (freq-based estimate),326.16 W (est),16,62,1512 MHz,0 %
2025-10-19 07:33:51.2,workload_bart_small_centralus,NVIDIA A100 80GB PCIe,0,1350 MHz,0.0 %,1.0 %,72,1350 MHz,90 %,199.47 W,4,13.50 W (freq-based estimate),326.16 W (est),16,68,1512 MHz,14 %
2025-10-19 07:33:52.5,workload_bart_small_centralus,NVIDIA A100 80GB PCIe,0,1365 MHz,0.0 %,1.0 %,71,1365 MHz,84 %,298.87 W,4,13.50 W (freq-based estimate),326.16 W (est),16,68,1512 MHz,14 %
2025-10-19 07:33:53.8,workload_bart_small_centralus,NVIDIA A100 80GB PCIe,0,1380 MHz,0.0 %,1.0 %,72,1380 MHz,87 %,267.23 W,4,13.50 W (freq-based estimate),326.16 W (est),16,68,1512 MHz,14 %
2025-10-19 07:33:55.2,workload_bart_small_centralus,NVIDIA A100 80GB PCIe,0,1365 MHz,0.0 %,1.0 %,73,1365 MHz,91 %,281.87 W,4,13.50 W (freq-based estimate),326.16 W (est),16,69,1512 MHz,13 %
2025-10-19 07:33:56.5,workload_bart_small_centralus,NVIDIA A100 80GB PCIe,0,1380 MHz,0.0 %,1.0 %,73,1380 MHz,91 %,309.30 W,4,13.50 W (freq-based estimate),326.16 W (est),16,69,1512 MHz,14 %
2025-10-19 07:33:57.8,workload_bart_small_centralus,NVIDIA A100 80GB PCIe,0,1395 MHz,0.0 %,1.0 %,73,1395 MHz,92 %,324.88 W,4,13.50 W (freq-based estimate),326.16 W (est),16,70,1512 MHz,14 %
2025-10-19 07:33:59.1,workload_bart_small_centralus,NVIDIA A100 80GB PCIe,0,1395 MHz,0.0 %,1.0 %,72,1395 MHz,91 %,303.06 W,4,13.50 W (freq-based estimate),326.16 W (est),16,70,1512 MHz,14 %
2025-10-19 07:34:00.4,workload_bart_small_centralus,NVIDIA A100 80GB PCIe,0,1380 MHz,0.0 %,1.0 %,73,1380 MHz,93 %,292.31 W,4,13.50 W (freq-based estimate),326.16 W (est),16,69,1512 MHz,14 %
2025-10-19 07:34:01.7,workload_bart_small_centralus,NVIDIA A100 80GB PCIe,0,1380 MHz,0.0 %,1.0 %,73,1380 MHz,88 %,310.16 W,4,13.50 W (freq-based estimate),326.16 W (est),16,71,1512 MHz,13 %
2025-10-19 07:34:03.0,workload_bart_small_centralus,NVIDIA A100 80GB PCIe,0,1365 MHz,0.0 %,1.0 %,74,1365 MHz,86 %,310.37 W,4,13.50 W (freq-based estimate),326.16 W (est),16,70,1512 MHz,13 %
2025-10-19 07:34:04.3,workload_bart_small_centralus,NVIDIA A100 80GB PCIe,0,1380 MHz,0.0 %,1.0 %,74,1380 MHz,91 %,291.84 W,4,13.50 W (freq-based estimate),326.16 W (est),16,71,1512 MHz,13 %
2025-10-19 07:34:05.6,workload_bart_small_centralus,NVIDIA A100 80GB PCIe,0,1350 MHz,0.0 %,1.0 %,74,1350 MHz,81 %,287.44 W,4,13.50 W (freq-based estimate),326.16 W (est),16,71,1512 MHz,12 %
2025-10-19 07:34:06.9,workload_bart_small_centralus,NVIDIA A100 80GB PCIe,0,1380 MHz,0.0 %,1.0 %,74,1380 MHz,89 %,292.23 W,4,13.50 W (freq-based estimate),326.16 W (est),16,71,1512 MHz,14 %
2025-10-19 07:34:08.3,workload_bart_small_centralus,NVIDIA A100 80GB PCIe,0,1380 MHz,0.0 %,1.0 %,74,1380 MHz,87 %,296.53 W,4,13.50 W (freq-based estimate),326.16 W (est),16,71,1512 MHz,14 %
2025-10-19 07:34:09.6,workload_bart_small_centralus,NVIDIA A100 80GB PCIe,0,1380 MHz,0.0 %,1.0 %,75,1380 MHz,89 %,308.82 W,4,13.50 W (freq-based estimate),326.16 W (est),16,72,1512 MHz,14 %
2025-10-19 07:34:10.9,workload_bart_small_centralus,NVIDIA A100 80GB PCIe,0,1380 MHz,0.0 %,1.0 %,75,1380 MHz,87 %,320.11 W,4,13.50 W (freq-based estimate),326.16 W (est),16,72,1512 MHz,14 %
2025-10-19 07:34:12.2,workload_bart_small_centralus,NVIDIA A100 80GB PCIe,0,1395 MHz,0.0 %,1.0 %,75,1395 MHz,85 %,329.42 W,4,13.50 W (freq-based estimate),326.16 W (est),16,72,1512 MHz,13 %
2025-10-19 07:34:13.5,workload_bart_small_centralus,NVIDIA A100 80GB PCIe,0,1380 MHz,0.0 %,1.0 %,75,1380 MHz,90 %,310.26 W,4,13.50 W (freq-based estimate),326.16 W (est),16,73,1512 MHz,14 %
2025-10-19 07:34:14.8,workload_bart_small_centralus,NVIDIA A100 80GB PCIe,0,1350 MHz,0.0 %,1.0 %,75,1350 MHz,89 %,278.36 W,4,13.50 W (freq-based estimate),326.16 W (est),16,73,1512 MHz,14 %
2025-10-19 07:34:16.1,workload_bart_small_centralus,NVIDIA A100 80GB PCIe,0,1380 MHz,0.0 %,1.0 %,75,1380 MHz,87 %,231.30 W,4,13.50 W (freq-based estimate),326.16 W (est),16,73,1512 MHz,14 %
2025-10-19 07:34:17.4,workload_bart_small_centralus,NVIDIA A100 80GB PCIe,0,1380 MHz,0.0 %,1.0 %,76,1380 MHz,87 %,307.43 W,4,13.50 W (freq-based estimate),326.16 W (est),16,73,1512 MHz,14 %
2025-10-19 07:34:18.7,workload_bart_small_centralus,NVIDIA A100 80GB PCIe,0,1365 MHz,0.0 %,1.0 %,74,1365 MHz,91 %,307.07 W,4,13.50 W (freq-based estimate),326.16 W (est),16,73,1512 MHz,14 %
2025-10-19 07:34:20.0,workload_bart_small_centralus,NVIDIA A100 80GB PCIe,0,1365 MHz,0.0 %,1.0 %,76,1365 MHz,90 %,260.82 W,4,13.50 W (freq-based estimate),326.16 W (est),16,73,1512 MHz,13 %
2025-10-19 07:34:21.4,workload_bart_small_centralus,NVIDIA A100 80GB PCIe,0,1350 MHz,0.0 %,1.0 %,76,1350 MHz,90 %,264.98 W,4,13.50 W (freq-based estimate),326.16 W (est),16,73,1512 MHz,13 %
2025-10-19 07:34:22.7,workload_bart_small_centralus,NVIDIA A100 80GB PCIe,0,1380 MHz,0.0 %,1.0 %,74,1380 MHz,87 %,328.09 W,4,13.50 W (freq-based estimate),326.16 W (est),16,73,1512 MHz,14 %
2025-10-19 07:34:24.0,workload_bart_small_centralus,NVIDIA A100 80GB PCIe,0,1350 MHz,0.0 %,1.0 %,76,1350 MHz,91 %,283.90 W,4,13.50 W (freq-based estimate),326.16 W (est),16,74,1512 MHz,14 %
2025-10-19 07:34:25.3,workload_bart_small_centralus,NVIDIA A100 80GB PCIe,0,1380 MHz,0.0 %,1.0 %,76,1380 MHz,90 %,266.00 W,4,13.50 W (freq-based estimate),326.16 W (est),16,74,1512 MHz,13 %
2025-10-19 07:34:26.6,workload_bart_small_centralus,NVIDIA A100 80GB PCIe,0,1350 MHz,0.0 %,1.0 %,76,1350 MHz,86 %,310.26 W,4,13.50 W (freq-based estimate),326.16 W (est),16,74,1512 MHz,13 %
2025-10-19 07:34:27.9,workload_bart_small_centralus,NVIDIA A100 80GB PCIe,0,1365 MHz,0.0 %,1.0 %,77,1365 MHz,90 %,300.23 W,4,13.50 W (freq-based estimate),326.16 W (est),16,75,1512 MHz,13 %
2025-10-19 07:34:29.2,workload_bart_small_centralus,NVIDIA A100 80GB PCIe,0,1380 MHz,0.0 %,1.0 %,77,1380 MHz,92 %,299.82 W,4,13.50 W (freq-based estimate),326.16 W (est),16,74,1512 MHz,14 %
2025-10-19 07:34:30.5,workload_bart_small_centralus,NVIDIA A100 80GB PCIe,0,1365 MHz,0.0 %,1.0 %,77,1365 MHz,87 %,256.07 W,4,13.50 W (freq-based estimate),326.16 W (est),16,75,1512 MHz,14 %
2025-10-19 07:34:31.8,workload_bart_small_centralus,NVIDIA A100 80GB PCIe,0,1380 MHz,0.0 %,1.0 %,77,1380 MHz,88 %,322.24 W,4,13.50 W (freq-based estimate),326.16 W (est),16,75,1512 MHz,14 %
2025-10-19 07:34:33.2,workload_bart_small_centralus,NVIDIA A100 80GB PCIe,0,1395 MHz,0.0 %,1.1 %,76,1395 MHz,46 %,292.13 W,4,13.50 W (freq-based estimate),326.38 W (est),16,72,1512 MHz,9 %
2025-10-19 07:34:34.5,workload_bart_small_centralus,NVIDIA A100 80GB PCIe,0,1395 MHz,0.0 %,1.1 %,76,1395 MHz,47 %,152.39 W,4,13.50 W (freq-based estimate),326.38 W (est),16,71,1512 MHz,9 %
2025-10-19 07:34:35.8,workload_bart_small_centralus,NVIDIA A100 80GB PCIe,0,1380 MHz,0.0 %,1.1 %,75,1380 MHz,43 %,171.53 W,4,13.50 W (freq-based estimate),326.38 W (est),16,72,1512 MHz,9 %
2025-10-19 07:34:37.1,workload_bart_small_centralus,NVIDIA A100 80GB PCIe,0,1410 MHz,0.0 %,1.1 %,75,1410 MHz,43 %,145.90 W,4,13.50 W (freq-based estimate),326.38 W (est),16,70,1512 MHz,10 %
2025-10-19 07:34:38.4,workload_bart_small_centralus,NVIDIA A100 80GB PCIe,0,1395 MHz,0.0 %,1.1 %,76,1395 MHz,43 %,162.38 W,4,13.50 W (freq-based estimate),326.38 W (est),16,72,1512 MHz,9 %
2025-10-19 07:34:39.7,workload_bart_small_centralus,NVIDIA A100 80GB PCIe,0,1395 MHz,0.0 %,1.1 %,75,1395 MHz,40 %,230.68 W,4,13.50 W (freq-based estimate),326.38 W (est),16,70,1512 MHz,9 %
2025-10-19 07:34:41.0,workload_bart_small_centralus,NVIDIA A100 80GB PCIe,0,1410 MHz,0.0 %,1.1 %,75,1410 MHz,47 %,149.99 W,4,13.50 W (freq-based estimate),326.38 W (est),16,70,1512 MHz,10 %
2025-10-19 07:34:42.3,workload_bart_small_centralus,NVIDIA A100 80GB PCIe,0,1395 MHz,0.0 %,1.1 %,76,1395 MHz,44 %,310.56 W,4,13.50 W (freq-based estimate),326.38 W (est),16,71,1512 MHz,10 %
2025-10-19 07:34:43.7,workload_bart_small_centralus,NVIDIA A100 80GB PCIe,0,1410 MHz,0.0 %,1.1 %,76,1410 MHz,49 %,146.57 W,4,13.50 W (freq-based estimate),326.38 W (est),16,70,1512 MHz,10 %
2025-10-19 07:34:45.0,workload_bart_small_centralus,NVIDIA A100 80GB PCIe,0,1365 MHz,0.0 %,1.1 %,75,1365 MHz,41 %,313.86 W,4,13.50 W (freq-based estimate),326.38 W (est),16,71,1512 MHz,10 %
2025-10-19 07:34:46.3,workload_bart_small_centralus,NVIDIA A100 80GB PCIe,0,1395 MHz,0.0 %,1.1 %,74,1395 MHz,43 %,151.83 W,4,13.50 W (freq-based estimate),326.38 W (est),16,70,1512 MHz,10 %
2025-10-19 07:34:47.6,workload_bart_small_centralus,NVIDIA A100 80GB PCIe,0,1410 MHz,0.0 %,1.1 %,75,1410 MHz,49 %,169.67 W,4,13.50 W (freq-based estimate),326.38 W (est),16,70,1512 MHz,10 %
2025-10-19 07:34:48.9,workload_bart_small_centralus,NVIDIA A100 80GB PCIe,0,1410 MHz,0.0 %,1.1 %,74,1410 MHz,48 %,169.85 W,4,13.50 W (freq-based estimate),326.38 W (est),16,69,1512 MHz,10 %
2025-10-19 07:34:50.2,workload_bart_small_centralus,NVIDIA A100 80GB PCIe,0,1395 MHz,0.0 %,1.1 %,75,1395 MHz,50 %,172.47 W,4,13.50 W (freq-based estimate),326.38 W (est),16,70,1512 MHz,10 %
2025-10-19 07:34:51.5,workload_bart_small_centralus,NVIDIA A100 80GB PCIe,0,1410 MHz,0.0 %,1.1 %,74,1410 MHz,49 %,161.38 W,4,13.50 W (freq-based estimate),326.38 W (est),16,69,1512 MHz,10 %
2025-10-19 07:34:52.8,workload_bart_small_centralus,NVIDIA A100 80GB PCIe,0,1395 MHz,0.0 %,1.1 %,75,1395 MHz,48 %,159.30 W,4,13.50 W (freq-based estimate),326.38 W (est),16,71,1512 MHz,9 %
2025-10-19 07:34:54.1,workload_bart_small_centralus,NVIDIA A100 80GB PCIe,0,1395 MHz,0.0 %,1.1 %,74,1395 MHz,49 %,346.15 W,4,13.50 W (freq-based estimate),326.38 W (est),16,69,1512 MHz,10 %
2025-10-19 07:34:55.5,workload_bart_small_centralus,NVIDIA A100 80GB PCIe,0,1410 MHz,0.0 %,1.1 %,74,1410 MHz,50 %,167.96 W,4,13.50 W (freq-based estimate),326.38 W (est),16,69,1512 MHz,10 %
2025-10-19 07:34:56.8,workload_bart_small_centralus,NVIDIA A100 80GB PCIe,0,1395 MHz,0.0 %,1.1 %,74,1395 MHz,49 %,317.10 W,4,13.50 W (freq-based estimate),326.38 W (est),16,70,1512 MHz,9 %
2025-10-19 07:34:58.1,workload_bart_small_centralus,NVIDIA A100 80GB PCIe,0,1410 MHz,0.0 %,1.1 %,75,1410 MHz,49 %,160.95 W,4,13.50 W (freq-based estimate),326.38 W (est),16,69,1512 MHz,10 %
2025-10-19 07:34:59.4,workload_bart_small_centralus,NVIDIA A100 80GB PCIe,0,1395 MHz,0.0 %,1.1 %,75,1395 MHz,41 %,227.85 W,4,13.50 W (freq-based estimate),326.38 W (est),16,69,1512 MHz,9 %
2025-10-19 07:35:00.7,workload_bart_small_centralus,NVIDIA A100 80GB PCIe,0,1410 MHz,0.0 %,1.1 %,75,1410 MHz,40 %,164.10 W,4,13.50 W (freq-based estimate),326.38 W (est),16,69,1512 MHz,10 %
2025-10-19 07:35:02.0,workload_bart_small_centralus,NVIDIA A100 80GB PCIe,0,1410 MHz,0.0 %,1.1 %,74,1410 MHz,49 %,235.56 W,4,13.50 W (freq-based estimate),326.38 W (est),16,71,1512 MHz,10 %
2025-10-19 07:35:03.3,workload_bart_small_centralus,NVIDIA A100 80GB PCIe,0,1395 MHz,0.0 %,1.1 %,74,1395 MHz,49 %,161.42 W,4,13.50 W (freq-based estimate),326.38 W (est),16,69,1512 MHz,10 %
2025-10-19 07:35:04.6,workload_bart_small_centralus,NVIDIA A100 80GB PCIe,0,1410 MHz,0.0 %,1.1 %,75,1410 MHz,50 %,164.23 W,4,13.50 W (freq-based estimate),326.38 W (est),16,68,1512 MHz,10 %
2025-10-19 07:35:06.0,workload_bart_small_centralus,NVIDIA A100 80GB PCIe,0,1395 MHz,0.0 %,1.1 %,75,1395 MHz,50 %,156.18 W,4,13.50 W (freq-based estimate),326.38 W (est),16,69,1512 MHz,10 %
2025-10-19 07:35:07.5,workload_bart_small_centralus,NVIDIA A100 80GB PCIe,0,1410 MHz,0.0 %,1.0 %,74,1410 MHz,0 %,106.38 W,4,13.50 W (freq-based estimate),326.16 W (est),16,66,1512 MHz,0 %
2025-10-19 07:35:09.4,workload_bart_small_centralus,NVIDIA A100 80GB PCIe,0,1410 MHz,0.0 %,1.0 %,73,1410 MHz,0 %,105.08 W,4,13.50 W (freq-based estimate),326.16 W (est),16,66,1512 MHz,0 %
2025-10-19 07:35:10.7,workload_bart_small_centralus,NVIDIA A100 80GB PCIe,0,1410 MHz,0.0 %,1.0 %,73,1410 MHz,2 %,104.43 W,4,13.50 W (freq-based estimate),326.16 W (est),16,65,1512 MHz,0 %
2025-10-19 07:35:12.0,workload_bart_small_centralus,NVIDIA A100 80GB PCIe,0,1365 MHz,0.0 %,1.0 %,74,1365 MHz,90 %,234.96 W,4,13.50 W (freq-based estimate),326.16 W (est),16,70,1512 MHz,14 %
2025-10-19 07:35:13.4,workload_bart_small_centralus,NVIDIA A100 80GB PCIe,0,1365 MHz,0.0 %,1.0 %,73,1365 MHz,86 %,306.66 W,4,13.50 W (freq-based estimate),326.16 W (est),16,71,1512 MHz,14 %
2025-10-19 07:35:14.7,workload_bart_small_centralus,NVIDIA A100 80GB PCIe,0,1350 MHz,0.0 %,1.0 %,74,1350 MHz,93 %,316.02 W,4,13.50 W (freq-based estimate),326.16 W (est),16,71,1512 MHz,14 %
2025-10-19 07:35:16.0,workload_bart_small_centralus,NVIDIA A100 80GB PCIe,0,1365 MHz,0.0 %,1.0 %,75,1365 MHz,91 %,293.29 W,4,13.50 W (freq-based estimate),326.16 W (est),16,72,1512 MHz,14 %
2025-10-19 07:35:17.3,workload_bart_small_centralus,NVIDIA A100 80GB PCIe,0,1380 MHz,0.0 %,1.0 %,75,1380 MHz,87 %,289.43 W,4,13.50 W (freq-based estimate),326.16 W (est),16,72,1512 MHz,14 %
2025-10-19 07:35:18.6,workload_bart_small_centralus,NVIDIA A100 80GB PCIe,0,1350 MHz,0.0 %,1.0 %,74,1350 MHz,88 %,260.65 W,4,13.50 W (freq-based estimate),326.16 W (est),16,72,1512 MHz,14 %
2025-10-19 07:35:19.9,workload_bart_small_centralus,NVIDIA A100 80GB PCIe,0,1365 MHz,0.0 %,1.0 %,75,1365 MHz,88 %,337.48 W,4,13.50 W (freq-based estimate),326.16 W (est),16,72,1512 MHz,14 %
2025-10-19 07:35:21.2,workload_bart_small_centralus,NVIDIA A100 80GB PCIe,0,1380 MHz,0.0 %,1.0 %,75,1380 MHz,87 %,304.62 W,4,13.50 W (freq-based estimate),326.16 W (est),16,72,1512 MHz,14 %
2025-10-19 07:35:22.5,workload_bart_small_centralus,NVIDIA A100 80GB PCIe,0,1365 MHz,0.0 %,1.0 %,75,1365 MHz,91 %,305.68 W,4,13.50 W (freq-based estimate),326.16 W (est),16,73,1512 MHz,14 %
2025-10-19 07:35:23.8,workload_bart_small_centralus,NVIDIA A100 80GB PCIe,0,1380 MHz,0.0 %,1.0 %,75,1380 MHz,90 %,297.01 W,4,13.50 W (freq-based estimate),326.16 W (est),16,73,1512 MHz,13 %
2025-10-19 07:35:25.1,workload_bart_small_centralus,NVIDIA A100 80GB PCIe,0,1380 MHz,0.0 %,1.0 %,75,1380 MHz,87 %,325.95 W,4,13.50 W (freq-based estimate),326.16 W (est),16,73,1512 MHz,14 %
2025-10-19 07:35:26.4,workload_bart_small_centralus,NVIDIA A100 80GB PCIe,0,1380 MHz,0.0 %,1.0 %,76,1380 MHz,88 %,303.54 W,4,13.50 W (freq-based estimate),326.16 W (est),16,73,1512 MHz,14 %
2025-10-19 07:35:27.8,workload_bart_small_centralus,NVIDIA A100 80GB PCIe,0,1365 MHz,0.0 %,1.0 %,76,1365 MHz,91 %,286.74 W,4,13.50 W (freq-based estimate),326.16 W (est),16,74,1512 MHz,14 %
2025-10-19 07:35:29.1,workload_bart_small_centralus,NVIDIA A100 80GB PCIe,0,1350 MHz,0.0 %,1.0 %,76,1350 MHz,88 %,316.88 W,4,13.50 W (freq-based estimate),326.16 W (est),16,75,1512 MHz,14 %
2025-10-19 07:35:30.4,workload_bart_small_centralus,NVIDIA A100 80GB PCIe,0,1365 MHz,0.0 %,1.0 %,76,1365 MHz,90 %,295.84 W,4,13.50 W (freq-based estimate),326.16 W (est),16,74,1512 MHz,14 %
2025-10-19 07:35:31.7,workload_bart_small_centralus,NVIDIA A100 80GB PCIe,0,1365 MHz,0.0 %,1.0 %,76,1365 MHz,91 %,286.87 W,4,13.50 W (freq-based estimate),326.16 W (est),16,74,1512 MHz,13 %
2025-10-19 07:35:33.0,workload_bart_small_centralus,NVIDIA A100 80GB PCIe,0,1365 MHz,0.0 %,1.0 %,77,1365 MHz,90 %,322.73 W,4,13.50 W (freq-based estimate),326.16 W (est),16,75,1512 MHz,14 %
2025-10-19 07:35:34.3,workload_bart_small_centralus,NVIDIA A100 80GB PCIe,0,1395 MHz,0.0 %,1.0 %,77,1395 MHz,86 %,254.06 W,4,13.50 W (freq-based estimate),326.16 W (est),16,74,1512 MHz,14 %
2025-10-19 07:35:35.6,workload_bart_small_centralus,NVIDIA A100 80GB PCIe,0,1365 MHz,0.0 %,1.0 %,76,1365 MHz,90 %,313.21 W,4,13.50 W (freq-based estimate),326.16 W (est),16,75,1512 MHz,14 %
2025-10-19 07:35:36.9,workload_bart_small_centralus,NVIDIA A100 80GB PCIe,0,1365 MHz,0.0 %,1.0 %,77,1365 MHz,91 %,292.89 W,4,13.50 W (freq-based estimate),326.16 W (est),16,75,1512 MHz,14 %
2025-10-19 07:35:38.2,workload_bart_small_centralus,NVIDIA A100 80GB PCIe,0,1365 MHz,0.0 %,1.0 %,77,1365 MHz,88 %,280.20 W,4,13.50 W (freq-based estimate),326.16 W (est),16,75,1512 MHz,13 %
2025-10-19 07:35:39.5,workload_bart_small_centralus,NVIDIA A100 80GB PCIe,0,1350 MHz,0.0 %,1.0 %,77,1350 MHz,87 %,243.84 W,4,13.50 W (freq-based estimate),326.16 W (est),16,75,1512 MHz,14 %
2025-10-19 07:35:40.8,workload_bart_small_centralus,NVIDIA A100 80GB PCIe,0,1350 MHz,0.0 %,1.0 %,77,1350 MHz,86 %,307.66 W,4,13.50 W (freq-based estimate),326.16 W (est),16,75,1512 MHz,14 %
2025-10-19 07:35:42.2,workload_bart_small_centralus,NVIDIA A100 80GB PCIe,0,1335 MHz,0.0 %,1.0 %,77,1335 MHz,91 %,293.39 W,4,13.50 W (freq-based estimate),326.16 W (est),16,75,1512 MHz,14 %
2025-10-19 07:35:43.5,workload_bart_small_centralus,NVIDIA A100 80GB PCIe,0,1365 MHz,0.0 %,1.0 %,77,1365 MHz,90 %,317.36 W,4,13.50 W (freq-based estimate),326.16 W (est),16,76,1512 MHz,14 %
2025-10-19 07:35:44.8,workload_bart_small_centralus,NVIDIA A100 80GB PCIe,0,1380 MHz,0.0 %,1.0 %,77,1380 MHz,88 %,256.73 W,4,13.50 W (freq-based estimate),326.16 W (est),16,75,1512 MHz,14 %
2025-10-19 07:35:46.1,workload_bart_small_centralus,NVIDIA A100 80GB PCIe,0,1350 MHz,0.0 %,1.0 %,78,1350 MHz,87 %,331.55 W,4,13.50 W (freq-based estimate),326.16 W (est),16,76,1512 MHz,14 %
2025-10-19 07:35:47.4,workload_bart_small_centralus,NVIDIA A100 80GB PCIe,0,1365 MHz,0.0 %,1.0 %,77,1365 MHz,88 %,281.34 W,4,13.50 W (freq-based estimate),326.16 W (est),16,76,1512 MHz,14 %
2025-10-19 07:35:48.7,workload_bart_small_centralus,NVIDIA A100 80GB PCIe,0,1350 MHz,0.0 %,1.0 %,77,1350 MHz,91 %,315.06 W,4,13.50 W (freq-based estimate),326.16 W (est),16,76,1512 MHz,13 %
2025-10-19 07:35:50.0,workload_bart_small_centralus,NVIDIA A100 80GB PCIe,0,1335 MHz,0.0 %,1.0 %,78,1335 MHz,91 %,292.98 W,4,13.50 W (freq-based estimate),326.16 W (est),16,76,1512 MHz,14 %
2025-10-19 07:35:51.3,workload_bart_small_centralus,NVIDIA A100 80GB PCIe,0,1350 MHz,0.0 %,1.0 %,76,1350 MHz,86 %,302.81 W,4,13.50 W (freq-based estimate),326.16 W (est),16,76,1512 MHz,14 %
2025-10-19 07:36:27.8,workload_bart_small_centralus,NVIDIA A100 80GB PCIe,0,1410 MHz,0.0 %,1.0 %,73,1410 MHz,0 %,106.97 W,4,13.50 W (freq-based estimate),326.16 W (est),16,67,1512 MHz,0 %
2025-10-19 07:36:29.9,workload_bart_small_centralus,NVIDIA A100 80GB PCIe,0,1410 MHz,0.0 %,1.0 %,72,1410 MHz,1 %,105.79 W,4,13.50 W (freq-based estimate),326.16 W (est),16,66,1512 MHz,0 %
2025-10-19 07:36:31.3,workload_bart_small_centralus,NVIDIA A100 80GB PCIe,0,1395 MHz,0.0 %,1.0 %,74,1395 MHz,40 %,323.71 W,4,13.50 W (freq-based estimate),326.16 W (est),16,70,1512 MHz,6 %
2025-10-19 07:36:32.6,workload_bart_small_centralus,NVIDIA A100 80GB PCIe,0,1380 MHz,0.0 %,1.0 %,74,1380 MHz,92 %,325.84 W,4,13.50 W (freq-based estimate),326.16 W (est),16,71,1512 MHz,14 %
2025-10-19 07:36:33.9,workload_bart_small_centralus,NVIDIA A100 80GB PCIe,0,1380 MHz,0.0 %,1.0 %,74,1380 MHz,89 %,262.49 W,4,13.50 W (freq-based estimate),326.16 W (est),16,71,1512 MHz,14 %
2025-10-19 07:36:35.2,workload_bart_small_centralus,NVIDIA A100 80GB PCIe,0,1395 MHz,0.0 %,0.9 %,74,1395 MHz,86 %,174.21 W,4,13.50 W (freq-based estimate),325.94 W (est),16,71,1512 MHz,14 %
2025-10-19 07:36:36.9,workload_bart_small_centralus,NVIDIA A100 80GB PCIe,0,1410 MHz,0.0 %,0.8 %,74,1410 MHz,2 %,105.69 W,4,13.50 W (freq-based estimate),325.73 W (est),16,66,1512 MHz,0 %
2025-10-19 07:37:13.5,workload_bart_small_centralus,NVIDIA A100 80GB PCIe,0,1410 MHz,0.0 %,0.8 %,71,1410 MHz,0 %,103.16 W,4,13.50 W (freq-based estimate),325.73 W (est),16,64,1512 MHz,0 %
2025-10-19 07:37:15.4,workload_bart_small_centralus,NVIDIA A100 80GB PCIe,0,1410 MHz,0.0 %,0.9 %,72,1410 MHz,0 %,102.36 W,4,13.50 W (freq-based estimate),325.94 W (est),16,64,1512 MHz,0 %
2025-10-19 07:37:16.7,workload_bart_small_centralus,NVIDIA A100 80GB PCIe,0,1410 MHz,0.0 %,0.9 %,70,1410 MHz,0 %,102.06 W,4,13.50 W (freq-based estimate),325.94 W (est),16,63,1512 MHz,0 %
2025-10-19 07:37:18.0,workload_bart_small_centralus,NVIDIA A100 80GB PCIe,0,1410 MHz,0.0 %,0.9 %,70,1410 MHz,0 %,101.37 W,4,13.50 W (freq-based estimate),325.94 W (est),16,63,1512 MHz,0 %
2025-10-19 07:37:19.3,workload_bart_small_centralus,NVIDIA A100 80GB PCIe,0,1410 MHz,0.0 %,0.9 %,70,1410 MHz,0 %,101.17 W,4,13.50 W (freq-based estimate),325.94 W (est),16,63,1512 MHz,0 %
2025-10-19 07:37:20.6,workload_bart_small_centralus,NVIDIA A100 80GB PCIe,0,1410 MHz,0.0 %,0.9 %,70,1410 MHz,0 %,99.88 W,4,13.50 W (freq-based estimate),325.94 W (est),16,63,1512 MHz,0 %
2025-10-19 07:37:21.9,workload_bart_small_centralus,NVIDIA A100 80GB PCIe,0,1410 MHz,0.0 %,0.9 %,69,1410 MHz,0 %,99.47 W,4,13.50 W (freq-based estimate),325.94 W (est),16,62,1512 MHz,0 %
2025-10-19 07:37:23.3,workload_bart_small_centralus,NVIDIA A100 80GB PCIe,0,1410 MHz,0.0 %,0.9 %,69,1410 MHz,0 %,99.10 W,4,13.50 W (freq-based estimate),325.94 W (est),16,62,1512 MHz,0 %
2025-10-19 07:37:24.6,workload_bart_small_centralus,NVIDIA A100 80GB PCIe,0,1410 MHz,0.0 %,0.9 %,69,1410 MHz,0 %,98.79 W,4,13.50 W (freq-based estimate),325.94 W (est),16,62,1512 MHz,0 %
2025-10-19 07:37:25.9,workload_bart_small_centralus,NVIDIA A100 80GB PCIe,0,1410 MHz,0.0 %,0.9 %,69,1410 MHz,0 %,98.40 W,4,13.50 W (freq-based estimate),325.94 W (est),16,61,1512 MHz,0 %
2025-10-19 07:37:27.2,workload_bart_small_centralus,NVIDIA A100 80GB PCIe,0,1410 MHz,0.0 %,0.9 %,68,1410 MHz,0 %,98.99 W,4,13.50 W (freq-based estimate),325.94 W (est),16,61,1512 MHz,0 %
2025-10-19 07:37:28.5,workload_bart_small_centralus,NVIDIA A100 80GB PCIe,0,1410 MHz,0.0 %,0.9 %,68,1410 MHz,0 %,98.69 W,4,13.50 W (freq-based estimate),325.94 W (est),16,61,1512 MHz,0 %
2025-10-19 07:37:29.8,workload_bart_small_centralus,NVIDIA A100 80GB PCIe,0,1410 MHz,0.0 %,0.9 %,68,1410 MHz,0 %,97.99 W,4,13.50 W (freq-based estimate),325.94 W (est),16,60,1512 MHz,0 %
2025-10-19 07:37:31.1,workload_bart_small_centralus,NVIDIA A100 80GB PCIe,0,1410 MHz,0.0 %,0.9 %,68,1410 MHz,0 %,97.31 W,4,13.50 W (freq-based estimate),325.94 W (est),16,60,1512 MHz,0 %
2025-10-19 07:37:32.4,workload_bart_small_centralus,NVIDIA A100 80GB PCIe,0,1410 MHz,0.0 %,0.9 %,68,1410 MHz,0 %,97.22 W,4,13.50 W (freq-based estimate),325.94 W (est),16,60,1512 MHz,0 %
2025-10-19 07:37:33.8,workload_bart_small_centralus,NVIDIA A100 80GB PCIe,0,1410 MHz,0.0 %,0.9 %,67,1410 MHz,0 %,96.91 W,4,13.50 W (freq-based estimate),325.94 W (est),16,60,1512 MHz,0 %
2025-10-19 07:37:35.1,workload_bart_small_centralus,NVIDIA A100 80GB PCIe,0,1410 MHz,0.0 %,0.9 %,67,1410 MHz,0 %,96.55 W,4,13.50 W (freq-based estimate),325.94 W (est),16,59,1512 MHz,0 %
2025-10-19 07:37:36.4,workload_bart_small_centralus,NVIDIA A100 80GB PCIe,0,1410 MHz,0.0 %,0.9 %,67,1410 MHz,0 %,96.33 W,4,13.50 W (freq-based estimate),325.94 W (est),16,59,1512 MHz,0 %
2025-10-19 07:37:37.7,workload_bart_small_centralus,NVIDIA A100 80GB PCIe,0,1410 MHz,0.0 %,0.9 %,67,1410 MHz,0 %,95.88 W,4,13.50 W (freq-based estimate),325.94 W (est),16,59,1512 MHz,0 %
2025-10-19 07:37:39.0,workload_bart_small_centralus,NVIDIA A100 80GB PCIe,0,1410 MHz,0.0 %,0.9 %,67,1410 MHz,0 %,95.84 W,4,13.50 W (freq-based estimate),325.94 W (est),16,59,1512 MHz,0 %
2025-10-19 07:37:40.3,workload_bart_small_centralus,NVIDIA A100 80GB PCIe,0,1410 MHz,0.0 %,0.9 %,66,1410 MHz,0 %,95.47 W,4,13.50 W (freq-based estimate),325.94 W (est),16,59,1512 MHz,0 %
2025-10-19 07:37:41.6,workload_bart_small_centralus,NVIDIA A100 80GB PCIe,0,1410 MHz,0.0 %,0.9 %,66,1410 MHz,0 %,95.47 W,4,13.50 W (freq-based estimate),325.94 W (est),16,58,1512 MHz,0 %
2025-10-19 07:37:42.9,workload_bart_small_centralus,NVIDIA A100 80GB PCIe,0,1410 MHz,0.0 %,0.9 %,66,1410 MHz,0 %,95.08 W,4,13.50 W (freq-based estimate),325.94 W (est),16,58,1512 MHz,0 %
2025-10-19 07:37:44.2,workload_bart_small_centralus,NVIDIA A100 80GB PCIe,0,1410 MHz,0.0 %,0.9 %,66,1410 MHz,0 %,94.89 W,4,13.50 W (freq-based estimate),325.94 W (est),16,58,1512 MHz,0 %
2025-10-19 07:37:45.5,workload_bart_small_centralus,NVIDIA A100 80GB PCIe,0,1410 MHz,0.0 %,0.9 %,66,1410 MHz,0 %,94.99 W,4,13.50 W (freq-based estimate),325.94 W (est),16,58,1512 MHz,0 %
2025-10-19 07:37:46.9,workload_bart_small_centralus,NVIDIA A100 80GB PCIe,0,1410 MHz,0.0 %,0.9 %,66,1410 MHz,0 %,93.19 W,4,13.50 W (freq-based estimate),325.94 W (est),16,57,1512 MHz,0 %
