timestamp,task_name,name,index,clocks.current.graphics [MHz],clocks.current.memory [MHz],cpu_usage,dram_power,utilization.memory [%],dram_usage,power.draw [W],pcie.link.gen.current,utilization.gpu [%],cpu_power,temperature.gpu,clocks.current.sm [MHz],temperature.memory,pcie.link.width.current
2025-10-19 07:05:32.9,workload_bart_small_us-west1,NVIDIA A100-SXM4-40GB,0,1095 MHz,1215 MHz,0.0 %,250.83 W (est),0 %,1.1 %,64.11 W,4,0 %,13.50 W (freq-based estimate),36,1095 MHz,35,16
2025-10-19 07:05:34.2,workload_bart_small_us-west1,NVIDIA A100-SXM4-40GB,0,1095 MHz,1215 MHz,0.0 %,250.83 W (est),0 %,1.1 %,64.70 W,4,0 %,13.50 W (freq-based estimate),36,1095 MHz,35,16
2025-10-19 07:05:35.5,workload_bart_small_us-west1,NVIDIA A100-SXM4-40GB,0,1095 MHz,1215 MHz,0.0 %,250.83 W (est),0 %,1.1 %,64.37 W,4,0 %,13.50 W (freq-based estimate),36,1095 MHz,35,16
2025-10-19 07:05:36.8,workload_bart_small_us-west1,NVIDIA A100-SXM4-40GB,0,1095 MHz,1215 MHz,0.0 %,250.83 W (est),0 %,1.1 %,64.04 W,4,0 %,13.50 W (freq-based estimate),36,1095 MHz,35,16
2025-10-19 07:05:38.1,workload_bart_small_us-west1,NVIDIA A100-SXM4-40GB,0,1095 MHz,1215 MHz,0.0 %,250.83 W (est),0 %,1.1 %,64.04 W,4,0 %,13.50 W (freq-based estimate),36,1095 MHz,35,16
2025-10-19 07:05:39.4,workload_bart_small_us-west1,NVIDIA A100-SXM4-40GB,0,1095 MHz,1215 MHz,0.0 %,250.83 W (est),0 %,1.1 %,64.43 W,4,0 %,13.50 W (freq-based estimate),36,1095 MHz,35,16
2025-10-19 07:05:40.7,workload_bart_small_us-west1,NVIDIA A100-SXM4-40GB,0,1095 MHz,1215 MHz,0.0 %,250.83 W (est),0 %,1.1 %,64.04 W,4,0 %,13.50 W (freq-based estimate),36,1095 MHz,35,16
2025-10-19 07:05:42.1,workload_bart_small_us-west1,NVIDIA A100-SXM4-40GB,0,1095 MHz,1215 MHz,0.0 %,250.83 W (est),0 %,1.1 %,64.43 W,4,0 %,13.50 W (freq-based estimate),36,1095 MHz,35,16
2025-10-19 07:05:43.4,workload_bart_small_us-west1,NVIDIA A100-SXM4-40GB,0,1095 MHz,1215 MHz,0.0 %,250.83 W (est),0 %,1.1 %,64.11 W,4,0 %,13.50 W (freq-based estimate),36,1095 MHz,35,16
2025-10-19 07:05:44.7,workload_bart_small_us-west1,NVIDIA A100-SXM4-40GB,0,1095 MHz,1215 MHz,0.0 %,250.83 W (est),0 %,1.1 %,64.11 W,4,0 %,13.50 W (freq-based estimate),36,1095 MHz,35,16
2025-10-19 07:05:46.0,workload_bart_small_us-west1,NVIDIA A100-SXM4-40GB,0,1095 MHz,1215 MHz,0.0 %,250.83 W (est),0 %,1.1 %,64.04 W,4,0 %,13.50 W (freq-based estimate),36,1095 MHz,35,16
2025-10-19 07:05:47.3,workload_bart_small_us-west1,NVIDIA A100-SXM4-40GB,0,1095 MHz,1215 MHz,0.0 %,250.83 W (est),0 %,1.1 %,64.11 W,4,2 %,13.50 W (freq-based estimate),36,1095 MHz,35,16
2025-10-19 07:05:48.8,workload_bart_small_us-west1,NVIDIA A100-SXM4-40GB,0,1095 MHz,1215 MHz,0.0 %,251.16 W (est),0 %,1.2 %,64.11 W,4,0 %,13.50 W (freq-based estimate),36,1095 MHz,35,16
2025-10-19 07:05:50.1,workload_bart_small_us-west1,NVIDIA A100-SXM4-40GB,0,1095 MHz,1215 MHz,0.0 %,251.16 W (est),0 %,1.3 %,64.04 W,4,0 %,13.50 W (freq-based estimate),36,1095 MHz,35,16
2025-10-19 07:05:51.4,workload_bart_small_us-west1,NVIDIA A100-SXM4-40GB,0,1095 MHz,1215 MHz,0.0 %,251.32 W (est),0 %,1.3 %,64.11 W,4,0 %,13.50 W (freq-based estimate),36,1095 MHz,35,16
2025-10-19 07:05:52.7,workload_bart_small_us-west1,NVIDIA A100-SXM4-40GB,0,1095 MHz,1215 MHz,0.0 %,251.32 W (est),0 %,1.4 %,64.04 W,4,0 %,13.50 W (freq-based estimate),36,1095 MHz,35,16
2025-10-19 07:05:54.0,workload_bart_small_us-west1,NVIDIA A100-SXM4-40GB,0,1095 MHz,1215 MHz,0.0 %,251.32 W (est),0 %,1.4 %,64.37 W,4,0 %,13.50 W (freq-based estimate),36,1095 MHz,35,16
2025-10-19 07:05:55.4,workload_bart_small_us-west1,NVIDIA A100-SXM4-40GB,0,1095 MHz,1215 MHz,0.0 %,251.32 W (est),0 %,1.5 %,64.37 W,4,0 %,13.50 W (freq-based estimate),36,1095 MHz,35,16
2025-10-19 07:05:56.7,workload_bart_small_us-west1,NVIDIA A100-SXM4-40GB,0,1095 MHz,1215 MHz,0.0 %,251.49 W (est),0 %,1.5 %,64.37 W,4,0 %,13.50 W (freq-based estimate),36,1095 MHz,35,16
2025-10-19 07:05:58.0,workload_bart_small_us-west1,NVIDIA A100-SXM4-40GB,0,1095 MHz,1215 MHz,0.0 %,251.49 W (est),0 %,1.5 %,64.04 W,4,0 %,13.50 W (freq-based estimate),36,1095 MHz,35,16
2025-10-19 07:05:59.4,workload_bart_small_us-west1,NVIDIA A100-SXM4-40GB,0,1095 MHz,1215 MHz,0.0 %,251.16 W (est),0 %,1.1 %,64.11 W,4,0 %,13.50 W (freq-based estimate),36,1095 MHz,35,16
2025-10-19 07:06:01.1,workload_bart_small_us-west1,NVIDIA A100-SXM4-40GB,0,1095 MHz,1215 MHz,0.0 %,250.83 W (est),0 %,1.2 %,64.11 W,4,0 %,13.50 W (freq-based estimate),36,1095 MHz,35,16
2025-10-19 07:06:02.4,workload_bart_small_us-west1,NVIDIA A100-SXM4-40GB,0,1410 MHz,1215 MHz,0.0 %,250.99 W (est),16 %,1.2 %,255.72 W,4,81 %,13.50 W (freq-based estimate),46,1410 MHz,40,16
2025-10-19 07:06:03.7,workload_bart_small_us-west1,NVIDIA A100-SXM4-40GB,0,1410 MHz,1215 MHz,0.0 %,250.99 W (est),16 %,1.2 %,187.25 W,4,82 %,13.50 W (freq-based estimate),47,1410 MHz,40,16
2025-10-19 07:06:05.0,workload_bart_small_us-west1,NVIDIA A100-SXM4-40GB,0,1410 MHz,1215 MHz,0.0 %,250.99 W (est),15 %,1.2 %,252.50 W,4,81 %,13.50 W (freq-based estimate),47,1410 MHz,41,16
2025-10-19 07:06:06.4,workload_bart_small_us-west1,NVIDIA A100-SXM4-40GB,0,1410 MHz,1215 MHz,0.0 %,250.99 W (est),16 %,1.2 %,280.70 W,4,81 %,13.50 W (freq-based estimate),49,1410 MHz,42,16
2025-10-19 07:06:07.7,workload_bart_small_us-west1,NVIDIA A100-SXM4-40GB,0,1410 MHz,1215 MHz,0.0 %,250.99 W (est),16 %,1.2 %,254.85 W,4,81 %,13.50 W (freq-based estimate),50,1410 MHz,43,16
2025-10-19 07:06:09.0,workload_bart_small_us-west1,NVIDIA A100-SXM4-40GB,0,1410 MHz,1215 MHz,0.0 %,250.99 W (est),17 %,1.2 %,263.70 W,4,87 %,13.50 W (freq-based estimate),51,1410 MHz,44,16
2025-10-19 07:06:10.3,workload_bart_small_us-west1,NVIDIA A100-SXM4-40GB,0,1410 MHz,1215 MHz,0.0 %,250.99 W (est),17 %,1.2 %,272.22 W,4,85 %,13.50 W (freq-based estimate),52,1410 MHz,44,16
2025-10-19 07:06:11.6,workload_bart_small_us-west1,NVIDIA A100-SXM4-40GB,0,1410 MHz,1215 MHz,0.0 %,250.99 W (est),17 %,1.2 %,282.49 W,4,81 %,13.50 W (freq-based estimate),52,1410 MHz,45,16
2025-10-19 07:06:12.9,workload_bart_small_us-west1,NVIDIA A100-SXM4-40GB,0,1410 MHz,1215 MHz,0.0 %,250.99 W (est),17 %,1.2 %,277.20 W,4,80 %,13.50 W (freq-based estimate),52,1410 MHz,45,16
2025-10-19 07:06:14.2,workload_bart_small_us-west1,NVIDIA A100-SXM4-40GB,0,1410 MHz,1215 MHz,0.0 %,250.99 W (est),16 %,1.2 %,256.93 W,4,83 %,13.50 W (freq-based estimate),52,1410 MHz,45,16
2025-10-19 07:06:15.5,workload_bart_small_us-west1,NVIDIA A100-SXM4-40GB,0,1410 MHz,1215 MHz,0.0 %,250.99 W (est),16 %,1.2 %,282.17 W,4,85 %,13.50 W (freq-based estimate),53,1410 MHz,47,16
2025-10-19 07:06:16.8,workload_bart_small_us-west1,NVIDIA A100-SXM4-40GB,0,1410 MHz,1215 MHz,0.0 %,250.99 W (est),16 %,1.2 %,251.35 W,4,86 %,13.50 W (freq-based estimate),54,1410 MHz,46,16
2025-10-19 07:06:18.2,workload_bart_small_us-west1,NVIDIA A100-SXM4-40GB,0,1410 MHz,1215 MHz,0.0 %,250.99 W (est),16 %,1.2 %,290.12 W,4,82 %,13.50 W (freq-based estimate),53,1410 MHz,47,16
2025-10-19 07:06:19.5,workload_bart_small_us-west1,NVIDIA A100-SXM4-40GB,0,1410 MHz,1215 MHz,0.0 %,250.99 W (est),16 %,1.2 %,234.28 W,4,88 %,13.50 W (freq-based estimate),55,1410 MHz,47,16
2025-10-19 07:06:20.8,workload_bart_small_us-west1,NVIDIA A100-SXM4-40GB,0,1410 MHz,1215 MHz,0.0 %,250.99 W (est),17 %,1.2 %,278.94 W,4,89 %,13.50 W (freq-based estimate),55,1410 MHz,47,16
2025-10-19 07:06:22.1,workload_bart_small_us-west1,NVIDIA A100-SXM4-40GB,0,1410 MHz,1215 MHz,0.0 %,250.99 W (est),17 %,1.2 %,265.45 W,4,89 %,13.50 W (freq-based estimate),55,1410 MHz,48,16
2025-10-19 07:06:23.4,workload_bart_small_us-west1,NVIDIA A100-SXM4-40GB,0,1410 MHz,1215 MHz,0.0 %,250.99 W (est),16 %,1.2 %,270.15 W,4,85 %,13.50 W (freq-based estimate),55,1410 MHz,48,16
2025-10-19 07:06:24.7,workload_bart_small_us-west1,NVIDIA A100-SXM4-40GB,0,1410 MHz,1215 MHz,0.0 %,250.99 W (est),17 %,1.2 %,294.24 W,4,84 %,13.50 W (freq-based estimate),55,1410 MHz,48,16
2025-10-19 07:06:26.0,workload_bart_small_us-west1,NVIDIA A100-SXM4-40GB,0,1410 MHz,1215 MHz,0.0 %,250.99 W (est),17 %,1.2 %,260.15 W,4,86 %,13.50 W (freq-based estimate),56,1410 MHz,48,16
2025-10-19 07:06:27.3,workload_bart_small_us-west1,NVIDIA A100-SXM4-40GB,0,1410 MHz,1215 MHz,0.0 %,250.99 W (est),17 %,1.2 %,307.74 W,4,86 %,13.50 W (freq-based estimate),56,1410 MHz,49,16
2025-10-19 07:06:28.6,workload_bart_small_us-west1,NVIDIA A100-SXM4-40GB,0,1410 MHz,1215 MHz,0.0 %,250.99 W (est),17 %,1.2 %,279.82 W,4,89 %,13.50 W (freq-based estimate),56,1410 MHz,49,16
2025-10-19 07:06:29.9,workload_bart_small_us-west1,NVIDIA A100-SXM4-40GB,0,1410 MHz,1215 MHz,0.0 %,250.99 W (est),17 %,1.2 %,197.20 W,4,83 %,13.50 W (freq-based estimate),55,1410 MHz,49,16
2025-10-19 07:06:31.2,workload_bart_small_us-west1,NVIDIA A100-SXM4-40GB,0,1410 MHz,1215 MHz,0.0 %,250.99 W (est),17 %,1.2 %,291.29 W,4,89 %,13.50 W (freq-based estimate),57,1410 MHz,49,16
2025-10-19 07:06:32.6,workload_bart_small_us-west1,NVIDIA A100-SXM4-40GB,0,1410 MHz,1215 MHz,0.0 %,250.99 W (est),18 %,1.2 %,266.60 W,4,87 %,13.50 W (freq-based estimate),57,1410 MHz,49,16
2025-10-19 07:06:33.9,workload_bart_small_us-west1,NVIDIA A100-SXM4-40GB,0,1410 MHz,1215 MHz,0.0 %,250.99 W (est),17 %,1.2 %,272.77 W,4,90 %,13.50 W (freq-based estimate),57,1410 MHz,49,16
2025-10-19 07:06:35.2,workload_bart_small_us-west1,NVIDIA A100-SXM4-40GB,0,1410 MHz,1215 MHz,0.0 %,250.99 W (est),17 %,1.2 %,305.39 W,4,83 %,13.50 W (freq-based estimate),57,1410 MHz,49,16
2025-10-19 07:06:36.5,workload_bart_small_us-west1,NVIDIA A100-SXM4-40GB,0,1410 MHz,1215 MHz,0.0 %,250.99 W (est),16 %,1.2 %,192.63 W,4,86 %,13.50 W (freq-based estimate),57,1410 MHz,50,16
2025-10-19 07:06:37.8,workload_bart_small_us-west1,NVIDIA A100-SXM4-40GB,0,1410 MHz,1215 MHz,0.0 %,250.99 W (est),16 %,1.2 %,287.17 W,4,85 %,13.50 W (freq-based estimate),58,1410 MHz,50,16
2025-10-19 07:06:39.1,workload_bart_small_us-west1,NVIDIA A100-SXM4-40GB,0,1410 MHz,1215 MHz,0.0 %,250.99 W (est),16 %,1.2 %,256.94 W,4,88 %,13.50 W (freq-based estimate),57,1410 MHz,50,16
2025-10-19 07:06:40.4,workload_bart_small_us-west1,NVIDIA A100-SXM4-40GB,0,1410 MHz,1215 MHz,0.0 %,250.99 W (est),16 %,1.2 %,272.50 W,4,87 %,13.50 W (freq-based estimate),57,1410 MHz,50,16
2025-10-19 07:06:41.7,workload_bart_small_us-west1,NVIDIA A100-SXM4-40GB,0,1410 MHz,1215 MHz,0.0 %,250.99 W (est),16 %,1.2 %,304.47 W,4,83 %,13.50 W (freq-based estimate),58,1410 MHz,51,16
2025-10-19 07:06:43.0,workload_bart_small_us-west1,NVIDIA A100-SXM4-40GB,0,1410 MHz,1215 MHz,0.0 %,250.99 W (est),16 %,1.2 %,268.07 W,4,84 %,13.50 W (freq-based estimate),58,1410 MHz,50,16
2025-10-19 07:06:44.3,workload_bart_small_us-west1,NVIDIA A100-SXM4-40GB,0,1410 MHz,1215 MHz,0.0 %,250.99 W (est),17 %,1.2 %,285.12 W,4,89 %,13.50 W (freq-based estimate),58,1410 MHz,51,16
2025-10-19 07:06:45.7,workload_bart_small_us-west1,NVIDIA A100-SXM4-40GB,0,1410 MHz,1215 MHz,0.0 %,251.32 W (est),0 %,1.2 %,140.49 W,4,0 %,13.50 W (freq-based estimate),49,1410 MHz,46,16
2025-10-19 07:06:47.1,workload_bart_small_us-west1,NVIDIA A100-SXM4-40GB,0,1410 MHz,1215 MHz,0.0 %,251.32 W (est),9 %,1.4 %,299.78 W,4,27 %,13.50 W (freq-based estimate),52,1410 MHz,47,16
2025-10-19 07:06:48.4,workload_bart_small_us-west1,NVIDIA A100-SXM4-40GB,0,1410 MHz,1215 MHz,0.0 %,251.32 W (est),9 %,1.4 %,130.81 W,4,28 %,13.50 W (freq-based estimate),50,1410 MHz,47,16
2025-10-19 07:06:49.7,workload_bart_small_us-west1,NVIDIA A100-SXM4-40GB,0,1410 MHz,1215 MHz,0.0 %,251.32 W (est),10 %,1.4 %,128.73 W,4,42 %,13.50 W (freq-based estimate),49,1410 MHz,46,16
2025-10-19 07:06:51.0,workload_bart_small_us-west1,NVIDIA A100-SXM4-40GB,0,1410 MHz,1215 MHz,0.0 %,251.32 W (est),10 %,1.4 %,127.25 W,4,42 %,13.50 W (freq-based estimate),48,1410 MHz,46,16
2025-10-19 07:06:52.3,workload_bart_small_us-west1,NVIDIA A100-SXM4-40GB,0,1410 MHz,1215 MHz,0.0 %,251.32 W (est),9 %,1.4 %,122.28 W,4,40 %,13.50 W (freq-based estimate),47,1410 MHz,45,16
2025-10-19 07:06:53.7,workload_bart_small_us-west1,NVIDIA A100-SXM4-40GB,0,1320 MHz,1215 MHz,0.0 %,251.32 W (est),8 %,1.4 %,104.34 W,4,38 %,13.50 W (freq-based estimate),49,1320 MHz,45,16
2025-10-19 07:06:55.0,workload_bart_small_us-west1,NVIDIA A100-SXM4-40GB,0,1395 MHz,1215 MHz,0.0 %,251.32 W (est),7 %,1.4 %,117.58 W,4,23 %,13.50 W (freq-based estimate),48,1395 MHz,45,16
2025-10-19 07:06:56.3,workload_bart_small_us-west1,NVIDIA A100-SXM4-40GB,0,1410 MHz,1215 MHz,0.0 %,251.32 W (est),8 %,1.4 %,120.80 W,4,37 %,13.50 W (freq-based estimate),47,1410 MHz,44,16
2025-10-19 07:06:57.6,workload_bart_small_us-west1,NVIDIA A100-SXM4-40GB,0,1320 MHz,1215 MHz,0.0 %,251.32 W (est),8 %,1.4 %,201.70 W,4,34 %,13.50 W (freq-based estimate),49,1320 MHz,44,16
2025-10-19 07:06:59.0,workload_bart_small_us-west1,NVIDIA A100-SXM4-40GB,0,1395 MHz,1215 MHz,0.0 %,251.32 W (est),9 %,1.4 %,122.56 W,4,40 %,13.50 W (freq-based estimate),46,1395 MHz,44,16
2025-10-19 07:07:00.3,workload_bart_small_us-west1,NVIDIA A100-SXM4-40GB,0,1380 MHz,1215 MHz,0.0 %,251.32 W (est),9 %,1.4 %,104.01 W,4,41 %,13.50 W (freq-based estimate),46,1380 MHz,44,16
2025-10-19 07:07:01.6,workload_bart_small_us-west1,NVIDIA A100-SXM4-40GB,0,1410 MHz,1215 MHz,0.0 %,251.32 W (est),7 %,1.4 %,111.56 W,4,22 %,13.50 W (freq-based estimate),47,1410 MHz,44,16
2025-10-19 07:07:03.0,workload_bart_small_us-west1,NVIDIA A100-SXM4-40GB,0,1350 MHz,1215 MHz,0.0 %,251.32 W (est),9 %,1.4 %,112.88 W,4,40 %,13.50 W (freq-based estimate),47,1350 MHz,44,16
2025-10-19 07:07:04.3,workload_bart_small_us-west1,NVIDIA A100-SXM4-40GB,0,1395 MHz,1215 MHz,0.0 %,251.32 W (est),9 %,1.4 %,115.22 W,4,40 %,13.50 W (freq-based estimate),46,1395 MHz,44,16
2025-10-19 07:07:05.6,workload_bart_small_us-west1,NVIDIA A100-SXM4-40GB,0,1395 MHz,1215 MHz,0.0 %,251.32 W (est),8 %,1.4 %,107.57 W,4,37 %,13.50 W (freq-based estimate),46,1395 MHz,44,16
2025-10-19 07:07:06.9,workload_bart_small_us-west1,NVIDIA A100-SXM4-40GB,0,1410 MHz,1215 MHz,0.0 %,251.32 W (est),9 %,1.4 %,131.36 W,4,40 %,13.50 W (freq-based estimate),48,1410 MHz,44,16
2025-10-19 07:07:08.3,workload_bart_small_us-west1,NVIDIA A100-SXM4-40GB,0,1410 MHz,1215 MHz,0.0 %,251.32 W (est),9 %,1.4 %,153.12 W,4,34 %,13.50 W (freq-based estimate),46,1410 MHz,44,16
2025-10-19 07:07:09.6,workload_bart_small_us-west1,NVIDIA A100-SXM4-40GB,0,1410 MHz,1215 MHz,0.0 %,251.32 W (est),8 %,1.4 %,121.95 W,4,27 %,13.50 W (freq-based estimate),46,1410 MHz,44,16
2025-10-19 07:07:10.9,workload_bart_small_us-west1,NVIDIA A100-SXM4-40GB,0,1410 MHz,1215 MHz,0.0 %,251.32 W (est),10 %,1.4 %,124.03 W,4,43 %,13.50 W (freq-based estimate),46,1410 MHz,44,16
2025-10-19 07:07:12.2,workload_bart_small_us-west1,NVIDIA A100-SXM4-40GB,0,1410 MHz,1215 MHz,0.0 %,251.32 W (est),10 %,1.4 %,221.46 W,4,43 %,13.50 W (freq-based estimate),48,1410 MHz,44,16
2025-10-19 07:07:13.5,workload_bart_small_us-west1,NVIDIA A100-SXM4-40GB,0,1410 MHz,1215 MHz,0.0 %,251.32 W (est),8 %,1.4 %,277.80 W,4,26 %,13.50 W (freq-based estimate),47,1410 MHz,44,16
2025-10-19 07:07:14.8,workload_bart_small_us-west1,NVIDIA A100-SXM4-40GB,0,1410 MHz,1215 MHz,0.0 %,251.32 W (est),9 %,1.4 %,123.76 W,4,29 %,13.50 W (freq-based estimate),46,1410 MHz,44,16
2025-10-19 07:07:16.1,workload_bart_small_us-west1,NVIDIA A100-SXM4-40GB,0,1410 MHz,1215 MHz,0.0 %,251.32 W (est),9 %,1.4 %,116.37 W,4,42 %,13.50 W (freq-based estimate),48,1410 MHz,44,16
2025-10-19 07:07:17.5,workload_bart_small_us-west1,NVIDIA A100-SXM4-40GB,0,1410 MHz,1215 MHz,0.0 %,251.32 W (est),8 %,1.4 %,103.36 W,4,32 %,13.50 W (freq-based estimate),45,1410 MHz,44,16
2025-10-19 07:07:18.8,workload_bart_small_us-west1,NVIDIA A100-SXM4-40GB,0,1410 MHz,1215 MHz,0.0 %,251.32 W (est),9 %,1.4 %,114.51 W,4,33 %,13.50 W (freq-based estimate),46,1410 MHz,43,16
2025-10-19 07:07:20.1,workload_bart_small_us-west1,NVIDIA A100-SXM4-40GB,0,1410 MHz,1215 MHz,0.0 %,251.32 W (est),10 %,1.4 %,126.53 W,4,43 %,13.50 W (freq-based estimate),46,1410 MHz,44,16
2025-10-19 07:07:21.4,workload_bart_small_us-west1,NVIDIA A100-SXM4-40GB,0,1410 MHz,1215 MHz,0.0 %,251.32 W (est),10 %,1.4 %,121.95 W,4,43 %,13.50 W (freq-based estimate),46,1410 MHz,44,16
2025-10-19 07:07:22.7,workload_bart_small_us-west1,NVIDIA A100-SXM4-40GB,0,1410 MHz,1215 MHz,0.0 %,251.32 W (est),9 %,1.4 %,112.00 W,4,35 %,13.50 W (freq-based estimate),46,1410 MHz,43,16
2025-10-19 07:07:24.0,workload_bart_small_us-west1,NVIDIA A100-SXM4-40GB,0,1410 MHz,1215 MHz,0.0 %,251.32 W (est),10 %,1.4 %,112.76 W,4,43 %,13.50 W (freq-based estimate),46,1410 MHz,44,16
2025-10-19 07:07:25.4,workload_bart_small_us-west1,NVIDIA A100-SXM4-40GB,0,1410 MHz,1215 MHz,0.0 %,251.32 W (est),10 %,1.4 %,112.15 W,4,43 %,13.50 W (freq-based estimate),47,1410 MHz,44,16
2025-10-19 07:07:26.7,workload_bart_small_us-west1,NVIDIA A100-SXM4-40GB,0,1410 MHz,1215 MHz,0.0 %,251.32 W (est),9 %,1.4 %,143.99 W,4,36 %,13.50 W (freq-based estimate),48,1410 MHz,43,16
2025-10-19 07:07:28.0,workload_bart_small_us-west1,NVIDIA A100-SXM4-40GB,0,1410 MHz,1215 MHz,0.0 %,251.32 W (est),9 %,1.4 %,125.18 W,4,30 %,13.50 W (freq-based estimate),47,1410 MHz,44,16
2025-10-19 07:07:29.3,workload_bart_small_us-west1,NVIDIA A100-SXM4-40GB,0,1410 MHz,1215 MHz,0.0 %,251.32 W (est),10 %,1.4 %,121.95 W,4,43 %,13.50 W (freq-based estimate),46,1410 MHz,44,16
2025-10-19 07:07:30.6,workload_bart_small_us-west1,NVIDIA A100-SXM4-40GB,0,1410 MHz,1215 MHz,0.0 %,251.32 W (est),10 %,1.4 %,116.98 W,4,38 %,13.50 W (freq-based estimate),49,1410 MHz,44,16
2025-10-19 07:07:31.9,workload_bart_small_us-west1,NVIDIA A100-SXM4-40GB,0,1410 MHz,1215 MHz,0.0 %,251.16 W (est),7 %,1.3 %,244.91 W,4,32 %,13.50 W (freq-based estimate),47,1410 MHz,43,16
2025-10-19 07:07:33.6,workload_bart_small_us-west1,NVIDIA A100-SXM4-40GB,0,1095 MHz,1215 MHz,0.0 %,250.99 W (est),0 %,1.2 %,67.26 W,4,0 %,13.50 W (freq-based estimate),42,1095 MHz,41,16
2025-10-19 07:07:35.1,workload_bart_small_us-west1,NVIDIA A100-SXM4-40GB,0,1095 MHz,1215 MHz,0.0 %,250.99 W (est),0 %,1.3 %,66.99 W,4,3 %,13.50 W (freq-based estimate),41,1095 MHz,40,16
2025-10-19 07:07:36.6,workload_bart_small_us-west1,NVIDIA A100-SXM4-40GB,0,1095 MHz,1215 MHz,0.0 %,251.16 W (est),0 %,1.3 %,66.72 W,4,4 %,13.50 W (freq-based estimate),41,1095 MHz,40,16
2025-10-19 07:07:38.1,workload_bart_small_us-west1,NVIDIA A100-SXM4-40GB,0,1095 MHz,1215 MHz,0.0 %,251.16 W (est),0 %,1.3 %,66.99 W,4,2 %,13.50 W (freq-based estimate),40,1095 MHz,39,16
2025-10-19 07:07:39.4,workload_bart_small_us-west1,NVIDIA A100-SXM4-40GB,0,1410 MHz,1215 MHz,0.0 %,251.16 W (est),15 %,1.3 %,285.42 W,4,80 %,13.50 W (freq-based estimate),50,1410 MHz,43,16
2025-10-19 07:07:40.7,workload_bart_small_us-west1,NVIDIA A100-SXM4-40GB,0,1410 MHz,1215 MHz,0.0 %,251.16 W (est),16 %,1.3 %,228.74 W,4,81 %,13.50 W (freq-based estimate),50,1410 MHz,44,16
2025-10-19 07:07:42.1,workload_bart_small_us-west1,NVIDIA A100-SXM4-40GB,0,1410 MHz,1215 MHz,0.0 %,251.16 W (est),16 %,1.3 %,261.36 W,4,85 %,13.50 W (freq-based estimate),53,1410 MHz,46,16
2025-10-19 07:07:43.4,workload_bart_small_us-west1,NVIDIA A100-SXM4-40GB,0,1410 MHz,1215 MHz,0.0 %,251.16 W (est),16 %,1.3 %,310.64 W,4,78 %,13.50 W (freq-based estimate),53,1410 MHz,47,16
2025-10-19 07:07:44.7,workload_bart_small_us-west1,NVIDIA A100-SXM4-40GB,0,1410 MHz,1215 MHz,0.0 %,251.16 W (est),16 %,1.3 %,289.51 W,4,81 %,13.50 W (freq-based estimate),54,1410 MHz,47,16
2025-10-19 07:07:46.0,workload_bart_small_us-west1,NVIDIA A100-SXM4-40GB,0,1410 MHz,1215 MHz,0.0 %,251.16 W (est),15 %,1.3 %,206.73 W,4,80 %,13.50 W (freq-based estimate),55,1410 MHz,48,16
2025-10-19 07:07:47.3,workload_bart_small_us-west1,NVIDIA A100-SXM4-40GB,0,1410 MHz,1215 MHz,0.0 %,251.16 W (est),16 %,1.3 %,233.16 W,4,79 %,13.50 W (freq-based estimate),55,1410 MHz,47,16
2025-10-19 07:07:48.6,workload_bart_small_us-west1,NVIDIA A100-SXM4-40GB,0,1410 MHz,1215 MHz,0.0 %,251.16 W (est),15 %,1.3 %,268.67 W,4,80 %,13.50 W (freq-based estimate),55,1410 MHz,48,16
2025-10-19 07:07:49.9,workload_bart_small_us-west1,NVIDIA A100-SXM4-40GB,0,1410 MHz,1215 MHz,0.0 %,251.16 W (est),16 %,1.3 %,271.89 W,4,83 %,13.50 W (freq-based estimate),55,1410 MHz,48,16
2025-10-19 07:07:51.2,workload_bart_small_us-west1,NVIDIA A100-SXM4-40GB,0,1410 MHz,1215 MHz,0.0 %,251.16 W (est),16 %,1.3 %,267.79 W,4,82 %,13.50 W (freq-based estimate),55,1410 MHz,48,16
2025-10-19 07:07:52.6,workload_bart_small_us-west1,NVIDIA A100-SXM4-40GB,0,1410 MHz,1215 MHz,0.0 %,251.16 W (est),15 %,1.3 %,291.27 W,4,78 %,13.50 W (freq-based estimate),55,1410 MHz,48,16
2025-10-19 07:07:53.9,workload_bart_small_us-west1,NVIDIA A100-SXM4-40GB,0,1410 MHz,1215 MHz,0.0 %,251.16 W (est),15 %,1.3 %,237.53 W,4,82 %,13.50 W (freq-based estimate),56,1410 MHz,49,16
2025-10-19 07:07:55.2,workload_bart_small_us-west1,NVIDIA A100-SXM4-40GB,0,1410 MHz,1215 MHz,0.0 %,251.16 W (est),15 %,1.3 %,285.70 W,4,78 %,13.50 W (freq-based estimate),56,1410 MHz,49,16
2025-10-19 07:07:56.5,workload_bart_small_us-west1,NVIDIA A100-SXM4-40GB,0,1410 MHz,1215 MHz,0.0 %,251.16 W (est),16 %,1.3 %,265.73 W,4,85 %,13.50 W (freq-based estimate),56,1410 MHz,49,16
2025-10-19 07:07:57.8,workload_bart_small_us-west1,NVIDIA A100-SXM4-40GB,0,1410 MHz,1215 MHz,0.0 %,251.16 W (est),15 %,1.3 %,304.75 W,4,78 %,13.50 W (freq-based estimate),56,1410 MHz,49,16
2025-10-19 07:07:59.1,workload_bart_small_us-west1,NVIDIA A100-SXM4-40GB,0,1410 MHz,1215 MHz,0.0 %,251.16 W (est),16 %,1.3 %,305.94 W,4,79 %,13.50 W (freq-based estimate),56,1410 MHz,49,16
2025-10-19 07:08:00.4,workload_bart_small_us-west1,NVIDIA A100-SXM4-40GB,0,1410 MHz,1215 MHz,0.0 %,251.16 W (est),16 %,1.3 %,302.13 W,4,79 %,13.50 W (freq-based estimate),57,1410 MHz,49,16
2025-10-19 07:08:01.7,workload_bart_small_us-west1,NVIDIA A100-SXM4-40GB,0,1410 MHz,1215 MHz,0.0 %,251.16 W (est),16 %,1.3 %,175.86 W,4,83 %,13.50 W (freq-based estimate),56,1410 MHz,49,16
2025-10-19 07:08:03.1,workload_bart_small_us-west1,NVIDIA A100-SXM4-40GB,0,1410 MHz,1215 MHz,0.0 %,251.16 W (est),15 %,1.3 %,201.15 W,4,80 %,13.50 W (freq-based estimate),57,1410 MHz,49,16
2025-10-19 07:08:04.4,workload_bart_small_us-west1,NVIDIA A100-SXM4-40GB,0,1410 MHz,1215 MHz,0.0 %,251.16 W (est),16 %,1.3 %,199.07 W,4,84 %,13.50 W (freq-based estimate),56,1410 MHz,49,16
2025-10-19 07:08:05.7,workload_bart_small_us-west1,NVIDIA A100-SXM4-40GB,0,1410 MHz,1215 MHz,0.0 %,251.16 W (est),15 %,1.3 %,260.43 W,4,77 %,13.50 W (freq-based estimate),56,1410 MHz,50,16
2025-10-19 07:08:07.0,workload_bart_small_us-west1,NVIDIA A100-SXM4-40GB,0,1410 MHz,1215 MHz,0.0 %,251.16 W (est),16 %,1.3 %,292.13 W,4,78 %,13.50 W (freq-based estimate),57,1410 MHz,50,16
2025-10-19 07:08:08.3,workload_bart_small_us-west1,NVIDIA A100-SXM4-40GB,0,1410 MHz,1215 MHz,0.0 %,251.16 W (est),15 %,1.3 %,231.36 W,4,77 %,13.50 W (freq-based estimate),57,1410 MHz,50,16
2025-10-19 07:08:09.6,workload_bart_small_us-west1,NVIDIA A100-SXM4-40GB,0,1410 MHz,1215 MHz,0.0 %,251.16 W (est),15 %,1.3 %,204.38 W,4,76 %,13.50 W (freq-based estimate),58,1410 MHz,50,16
2025-10-19 07:08:10.9,workload_bart_small_us-west1,NVIDIA A100-SXM4-40GB,0,1410 MHz,1215 MHz,0.0 %,251.16 W (est),14 %,1.3 %,283.35 W,4,73 %,13.50 W (freq-based estimate),55,1410 MHz,49,16
2025-10-19 07:08:12.3,workload_bart_small_us-west1,NVIDIA A100-SXM4-40GB,0,1410 MHz,1215 MHz,0.0 %,251.16 W (est),16 %,1.3 %,276.91 W,4,81 %,13.50 W (freq-based estimate),57,1410 MHz,50,16
2025-10-19 07:08:13.6,workload_bart_small_us-west1,NVIDIA A100-SXM4-40GB,0,1410 MHz,1215 MHz,0.0 %,251.16 W (est),15 %,1.3 %,277.51 W,4,78 %,13.50 W (freq-based estimate),57,1410 MHz,51,16
2025-10-19 07:08:14.9,workload_bart_small_us-west1,NVIDIA A100-SXM4-40GB,0,1410 MHz,1215 MHz,0.0 %,251.16 W (est),15 %,1.3 %,320.84 W,4,80 %,13.50 W (freq-based estimate),57,1410 MHz,50,16
2025-10-19 07:08:16.2,workload_bart_small_us-west1,NVIDIA A100-SXM4-40GB,0,1410 MHz,1215 MHz,0.0 %,251.16 W (est),15 %,1.3 %,289.24 W,4,73 %,13.50 W (freq-based estimate),57,1410 MHz,50,16
2025-10-19 07:08:17.5,workload_bart_small_us-west1,NVIDIA A100-SXM4-40GB,0,1410 MHz,1215 MHz,0.0 %,251.16 W (est),16 %,1.3 %,315.06 W,4,80 %,13.50 W (freq-based estimate),58,1410 MHz,50,16
2025-10-19 07:08:18.8,workload_bart_small_us-west1,NVIDIA A100-SXM4-40GB,0,1410 MHz,1215 MHz,0.0 %,251.16 W (est),16 %,1.3 %,234.04 W,4,84 %,13.50 W (freq-based estimate),58,1410 MHz,51,16
2025-10-19 07:08:20.1,workload_bart_small_us-west1,NVIDIA A100-SXM4-40GB,0,1410 MHz,1215 MHz,0.0 %,251.16 W (est),16 %,1.3 %,269.55 W,4,82 %,13.50 W (freq-based estimate),58,1410 MHz,51,16
2025-10-19 07:08:21.4,workload_bart_small_us-west1,NVIDIA A100-SXM4-40GB,0,1410 MHz,1215 MHz,0.0 %,251.16 W (est),16 %,1.3 %,172.96 W,4,80 %,13.50 W (freq-based estimate),57,1410 MHz,51,16
2025-10-19 07:08:22.8,workload_bart_small_us-west1,NVIDIA A100-SXM4-40GB,0,1410 MHz,1215 MHz,0.0 %,251.16 W (est),16 %,1.3 %,273.96 W,4,84 %,13.50 W (freq-based estimate),58,1410 MHz,51,16
2025-10-19 07:08:24.1,workload_bart_small_us-west1,NVIDIA A100-SXM4-40GB,0,1410 MHz,1215 MHz,0.0 %,251.16 W (est),16 %,1.3 %,228.74 W,4,81 %,13.50 W (freq-based estimate),57,1410 MHz,51,16
2025-10-19 07:08:25.4,workload_bart_small_us-west1,NVIDIA A100-SXM4-40GB,0,1410 MHz,1215 MHz,0.0 %,251.32 W (est),0 %,1.3 %,116.10 W,4,0 %,13.50 W (freq-based estimate),50,1410 MHz,47,16
2025-10-19 07:08:26.8,workload_bart_small_us-west1,NVIDIA A100-SXM4-40GB,0,1410 MHz,1215 MHz,0.0 %,251.32 W (est),9 %,1.4 %,126.85 W,4,36 %,13.50 W (freq-based estimate),50,1410 MHz,48,16
2025-10-19 07:08:28.1,workload_bart_small_us-west1,NVIDIA A100-SXM4-40GB,0,1410 MHz,1215 MHz,0.0 %,251.32 W (est),10 %,1.4 %,125.51 W,4,42 %,13.50 W (freq-based estimate),51,1410 MHz,48,16
2025-10-19 07:08:29.4,workload_bart_small_us-west1,NVIDIA A100-SXM4-40GB,0,1410 MHz,1215 MHz,0.0 %,251.32 W (est),10 %,1.4 %,125.65 W,4,42 %,13.50 W (freq-based estimate),51,1410 MHz,47,16
2025-10-19 07:08:30.7,workload_bart_small_us-west1,NVIDIA A100-SXM4-40GB,0,1410 MHz,1215 MHz,0.0 %,251.32 W (est),8 %,1.4 %,157.67 W,4,27 %,13.50 W (freq-based estimate),51,1410 MHz,47,16
2025-10-19 07:08:32.0,workload_bart_small_us-west1,NVIDIA A100-SXM4-40GB,0,1410 MHz,1215 MHz,0.0 %,251.32 W (est),10 %,1.4 %,260.48 W,4,42 %,13.50 W (freq-based estimate),50,1410 MHz,47,16
2025-10-19 07:08:33.3,workload_bart_small_us-west1,NVIDIA A100-SXM4-40GB,0,1410 MHz,1215 MHz,0.0 %,251.32 W (est),10 %,1.4 %,121.55 W,4,43 %,13.50 W (freq-based estimate),49,1410 MHz,46,16
2025-10-19 07:08:34.6,workload_bart_small_us-west1,NVIDIA A100-SXM4-40GB,0,1410 MHz,1215 MHz,0.0 %,251.32 W (est),10 %,1.4 %,127.40 W,4,43 %,13.50 W (freq-based estimate),48,1410 MHz,46,16
2025-10-19 07:08:35.9,workload_bart_small_us-west1,NVIDIA A100-SXM4-40GB,0,1410 MHz,1215 MHz,0.0 %,251.32 W (est),9 %,1.4 %,130.95 W,4,30 %,13.50 W (freq-based estimate),49,1410 MHz,46,16
2025-10-19 07:08:37.3,workload_bart_small_us-west1,NVIDIA A100-SXM4-40GB,0,1410 MHz,1215 MHz,0.0 %,251.32 W (est),10 %,1.4 %,125.05 W,4,43 %,13.50 W (freq-based estimate),48,1410 MHz,46,16
2025-10-19 07:08:38.6,workload_bart_small_us-west1,NVIDIA A100-SXM4-40GB,0,1410 MHz,1215 MHz,0.0 %,251.32 W (est),10 %,1.4 %,254.92 W,4,43 %,13.50 W (freq-based estimate),50,1410 MHz,46,16
2025-10-19 07:08:39.9,workload_bart_small_us-west1,NVIDIA A100-SXM4-40GB,0,1410 MHz,1215 MHz,0.0 %,251.32 W (est),10 %,1.4 %,123.78 W,4,42 %,13.50 W (freq-based estimate),49,1410 MHz,46,16
2025-10-19 07:08:41.2,workload_bart_small_us-west1,NVIDIA A100-SXM4-40GB,0,1410 MHz,1215 MHz,0.0 %,251.32 W (est),7 %,1.4 %,90.50 W,4,35 %,13.50 W (freq-based estimate),47,1410 MHz,44,16
2025-10-19 07:08:42.5,workload_bart_small_us-west1,NVIDIA A100-SXM4-40GB,0,1410 MHz,1215 MHz,0.0 %,251.32 W (est),9 %,1.4 %,265.18 W,4,38 %,13.50 W (freq-based estimate),49,1410 MHz,45,16
2025-10-19 07:08:43.8,workload_bart_small_us-west1,NVIDIA A100-SXM4-40GB,0,1410 MHz,1215 MHz,0.0 %,251.32 W (est),10 %,1.4 %,121.68 W,4,42 %,13.50 W (freq-based estimate),48,1410 MHz,45,16
2025-10-19 07:08:45.2,workload_bart_small_us-west1,NVIDIA A100-SXM4-40GB,0,1410 MHz,1215 MHz,0.0 %,251.32 W (est),9 %,1.4 %,119.20 W,4,39 %,13.50 W (freq-based estimate),48,1410 MHz,45,16
2025-10-19 07:08:46.5,workload_bart_small_us-west1,NVIDIA A100-SXM4-40GB,0,1410 MHz,1215 MHz,0.0 %,251.32 W (est),9 %,1.4 %,117.85 W,4,33 %,13.50 W (freq-based estimate),47,1410 MHz,45,16
2025-10-19 07:08:47.8,workload_bart_small_us-west1,NVIDIA A100-SXM4-40GB,0,1410 MHz,1215 MHz,0.0 %,251.32 W (est),9 %,1.4 %,121.68 W,4,36 %,13.50 W (freq-based estimate),49,1410 MHz,45,16
2025-10-19 07:08:49.1,workload_bart_small_us-west1,NVIDIA A100-SXM4-40GB,0,1410 MHz,1215 MHz,0.0 %,251.32 W (est),10 %,1.4 %,145.65 W,4,42 %,13.50 W (freq-based estimate),48,1410 MHz,45,16
2025-10-19 07:08:50.4,workload_bart_small_us-west1,NVIDIA A100-SXM4-40GB,0,1410 MHz,1215 MHz,0.0 %,251.32 W (est),10 %,1.4 %,120.08 W,4,43 %,13.50 W (freq-based estimate),47,1410 MHz,45,16
2025-10-19 07:08:51.7,workload_bart_small_us-west1,NVIDIA A100-SXM4-40GB,0,1410 MHz,1215 MHz,0.0 %,251.32 W (est),9 %,1.4 %,118.33 W,4,28 %,13.50 W (freq-based estimate),48,1410 MHz,45,16
2025-10-19 07:08:53.0,workload_bart_small_us-west1,NVIDIA A100-SXM4-40GB,0,1410 MHz,1215 MHz,0.0 %,251.32 W (est),10 %,1.4 %,118.00 W,4,42 %,13.50 W (freq-based estimate),49,1410 MHz,45,16
2025-10-19 07:08:54.3,workload_bart_small_us-west1,NVIDIA A100-SXM4-40GB,0,1410 MHz,1215 MHz,0.0 %,251.32 W (est),10 %,1.4 %,119.81 W,4,42 %,13.50 W (freq-based estimate),47,1410 MHz,45,16
2025-10-19 07:08:55.7,workload_bart_small_us-west1,NVIDIA A100-SXM4-40GB,0,1410 MHz,1215 MHz,0.0 %,251.32 W (est),9 %,1.4 %,130.95 W,4,34 %,13.50 W (freq-based estimate),49,1410 MHz,45,16
2025-10-19 07:08:57.0,workload_bart_small_us-west1,NVIDIA A100-SXM4-40GB,0,1410 MHz,1215 MHz,0.0 %,251.32 W (est),9 %,1.4 %,137.58 W,4,34 %,13.50 W (freq-based estimate),48,1410 MHz,44,16
2025-10-19 07:08:58.3,workload_bart_small_us-west1,NVIDIA A100-SXM4-40GB,0,1410 MHz,1215 MHz,0.0 %,251.32 W (est),10 %,1.4 %,129.48 W,4,42 %,13.50 W (freq-based estimate),47,1410 MHz,44,16
2025-10-19 07:08:59.6,workload_bart_small_us-west1,NVIDIA A100-SXM4-40GB,0,1410 MHz,1215 MHz,0.0 %,251.32 W (est),9 %,1.4 %,125.65 W,4,28 %,13.50 W (freq-based estimate),47,1410 MHz,45,16
2025-10-19 07:09:00.9,workload_bart_small_us-west1,NVIDIA A100-SXM4-40GB,0,1410 MHz,1215 MHz,0.0 %,251.32 W (est),10 %,1.4 %,252.85 W,4,43 %,13.50 W (freq-based estimate),48,1410 MHz,45,16
2025-10-19 07:09:02.2,workload_bart_small_us-west1,NVIDIA A100-SXM4-40GB,0,1410 MHz,1215 MHz,0.0 %,251.32 W (est),10 %,1.4 %,131.22 W,4,43 %,13.50 W (freq-based estimate),48,1410 MHz,45,16
2025-10-19 07:09:03.5,workload_bart_small_us-west1,NVIDIA A100-SXM4-40GB,0,1410 MHz,1215 MHz,0.0 %,251.32 W (est),9 %,1.4 %,128.13 W,4,33 %,13.50 W (freq-based estimate),47,1410 MHz,44,16
2025-10-19 07:09:04.8,workload_bart_small_us-west1,NVIDIA A100-SXM4-40GB,0,1410 MHz,1215 MHz,0.0 %,251.32 W (est),9 %,1.4 %,129.20 W,4,32 %,13.50 W (freq-based estimate),47,1410 MHz,44,16
2025-10-19 07:09:06.1,workload_bart_small_us-west1,NVIDIA A100-SXM4-40GB,0,1410 MHz,1215 MHz,0.0 %,251.32 W (est),10 %,1.4 %,233.44 W,4,43 %,13.50 W (freq-based estimate),47,1410 MHz,44,16
2025-10-19 07:09:07.5,workload_bart_small_us-west1,NVIDIA A100-SXM4-40GB,0,1410 MHz,1215 MHz,0.0 %,251.32 W (est),10 %,1.4 %,125.78 W,4,43 %,13.50 W (freq-based estimate),47,1410 MHz,44,16
2025-10-19 07:09:08.8,workload_bart_small_us-west1,NVIDIA A100-SXM4-40GB,0,1410 MHz,1215 MHz,0.0 %,251.32 W (est),9 %,1.4 %,119.93 W,4,42 %,13.50 W (freq-based estimate),46,1410 MHz,44,16
2025-10-19 07:09:10.4,workload_bart_small_us-west1,NVIDIA A100-SXM4-40GB,0,1410 MHz,1215 MHz,0.0 %,251.16 W (est),0 %,1.3 %,86.68 W,4,0 %,13.50 W (freq-based estimate),44,1410 MHz,42,16
2025-10-19 07:09:11.9,workload_bart_small_us-west1,NVIDIA A100-SXM4-40GB,0,1095 MHz,1215 MHz,0.0 %,251.16 W (est),0 %,1.3 %,67.59 W,4,4 %,13.50 W (freq-based estimate),42,1095 MHz,41,16
2025-10-19 07:09:13.3,workload_bart_small_us-west1,NVIDIA A100-SXM4-40GB,0,1095 MHz,1215 MHz,0.0 %,251.16 W (est),0 %,1.3 %,67.26 W,4,0 %,13.50 W (freq-based estimate),42,1095 MHz,40,16
2025-10-19 07:09:14.6,workload_bart_small_us-west1,NVIDIA A100-SXM4-40GB,0,1410 MHz,1215 MHz,0.0 %,251.16 W (est),4 %,1.3 %,149.02 W,4,32 %,13.50 W (freq-based estimate),45,1410 MHz,43,16
2025-10-19 07:09:15.9,workload_bart_small_us-west1,NVIDIA A100-SXM4-40GB,0,1410 MHz,1215 MHz,0.0 %,251.16 W (est),17 %,1.3 %,217.26 W,4,81 %,13.50 W (freq-based estimate),53,1410 MHz,46,16
2025-10-19 07:09:17.2,workload_bart_small_us-west1,NVIDIA A100-SXM4-40GB,0,1410 MHz,1215 MHz,0.0 %,251.16 W (est),17 %,1.3 %,218.14 W,4,82 %,13.50 W (freq-based estimate),54,1410 MHz,46,16
2025-10-19 07:09:18.5,workload_bart_small_us-west1,NVIDIA A100-SXM4-40GB,0,1410 MHz,1215 MHz,0.0 %,251.16 W (est),17 %,1.3 %,250.50 W,4,88 %,13.50 W (freq-based estimate),55,1410 MHz,47,16
2025-10-19 07:09:19.8,workload_bart_small_us-west1,NVIDIA A100-SXM4-40GB,0,1410 MHz,1215 MHz,0.0 %,251.16 W (est),16 %,1.3 %,261.02 W,4,87 %,13.50 W (freq-based estimate),55,1410 MHz,48,16
2025-10-19 07:09:21.1,workload_bart_small_us-west1,NVIDIA A100-SXM4-40GB,0,1410 MHz,1215 MHz,0.0 %,251.16 W (est),17 %,1.3 %,274.84 W,4,89 %,13.50 W (freq-based estimate),56,1410 MHz,48,16
2025-10-19 07:09:22.5,workload_bart_small_us-west1,NVIDIA A100-SXM4-40GB,0,1410 MHz,1215 MHz,0.0 %,251.16 W (est),14 %,1.3 %,227.87 W,4,73 %,13.50 W (freq-based estimate),55,1410 MHz,48,16
2025-10-19 07:09:23.8,workload_bart_small_us-west1,NVIDIA A100-SXM4-40GB,0,1410 MHz,1215 MHz,0.0 %,251.16 W (est),15 %,1.3 %,152.09 W,4,79 %,13.50 W (freq-based estimate),56,1410 MHz,49,16
2025-10-19 07:09:25.1,workload_bart_small_us-west1,NVIDIA A100-SXM4-40GB,0,1410 MHz,1215 MHz,0.0 %,251.16 W (est),16 %,1.3 %,256.33 W,4,87 %,13.50 W (freq-based estimate),57,1410 MHz,49,16
2025-10-19 07:09:26.4,workload_bart_small_us-west1,NVIDIA A100-SXM4-40GB,0,1410 MHz,1215 MHz,0.0 %,251.16 W (est),16 %,1.3 %,279.82 W,4,87 %,13.50 W (freq-based estimate),57,1410 MHz,50,16
2025-10-19 07:09:27.7,workload_bart_small_us-west1,NVIDIA A100-SXM4-40GB,0,1410 MHz,1215 MHz,0.0 %,251.16 W (est),17 %,1.3 %,318.28 W,4,83 %,13.50 W (freq-based estimate),58,1410 MHz,50,16
2025-10-19 07:09:29.0,workload_bart_small_us-west1,NVIDIA A100-SXM4-40GB,0,1410 MHz,1215 MHz,0.0 %,251.16 W (est),16 %,1.3 %,293.61 W,4,83 %,13.50 W (freq-based estimate),58,1410 MHz,50,16
2025-10-19 07:09:30.3,workload_bart_small_us-west1,NVIDIA A100-SXM4-40GB,0,1410 MHz,1215 MHz,0.0 %,251.16 W (est),16 %,1.3 %,250.49 W,4,85 %,13.50 W (freq-based estimate),58,1410 MHz,51,16
2025-10-19 07:09:31.6,workload_bart_small_us-west1,NVIDIA A100-SXM4-40GB,0,1410 MHz,1215 MHz,0.0 %,251.16 W (est),16 %,1.3 %,251.96 W,4,84 %,13.50 W (freq-based estimate),58,1410 MHz,50,16
2025-10-19 07:09:33.0,workload_bart_small_us-west1,NVIDIA A100-SXM4-40GB,0,1410 MHz,1215 MHz,0.0 %,251.16 W (est),16 %,1.3 %,264.25 W,4,83 %,13.50 W (freq-based estimate),58,1410 MHz,51,16
2025-10-19 07:09:34.3,workload_bart_small_us-west1,NVIDIA A100-SXM4-40GB,0,1410 MHz,1215 MHz,0.0 %,251.16 W (est),16 %,1.3 %,242.24 W,4,84 %,13.50 W (freq-based estimate),58,1410 MHz,51,16
2025-10-19 07:09:35.6,workload_bart_small_us-west1,NVIDIA A100-SXM4-40GB,0,1410 MHz,1215 MHz,0.0 %,251.16 W (est),16 %,1.3 %,268.95 W,4,81 %,13.50 W (freq-based estimate),58,1410 MHz,50,16
2025-10-19 07:09:36.9,workload_bart_small_us-west1,NVIDIA A100-SXM4-40GB,0,1410 MHz,1215 MHz,0.0 %,251.16 W (est),16 %,1.3 %,236.06 W,4,84 %,13.50 W (freq-based estimate),58,1410 MHz,51,16
2025-10-19 07:09:38.2,workload_bart_small_us-west1,NVIDIA A100-SXM4-40GB,0,1410 MHz,1215 MHz,0.0 %,251.16 W (est),17 %,1.3 %,262.50 W,4,82 %,13.50 W (freq-based estimate),59,1410 MHz,51,16
2025-10-19 07:09:39.5,workload_bart_small_us-west1,NVIDIA A100-SXM4-40GB,0,1410 MHz,1215 MHz,0.0 %,251.16 W (est),16 %,1.3 %,277.18 W,4,83 %,13.50 W (freq-based estimate),58,1410 MHz,51,16
2025-10-19 07:09:40.8,workload_bart_small_us-west1,NVIDIA A100-SXM4-40GB,0,1410 MHz,1215 MHz,0.0 %,251.16 W (est),17 %,1.3 %,263.37 W,4,82 %,13.50 W (freq-based estimate),58,1410 MHz,51,16
2025-10-19 07:09:42.1,workload_bart_small_us-west1,NVIDIA A100-SXM4-40GB,0,1410 MHz,1215 MHz,0.0 %,251.16 W (est),15 %,1.3 %,281.27 W,4,80 %,13.50 W (freq-based estimate),59,1410 MHz,51,16
2025-10-19 07:09:43.4,workload_bart_small_us-west1,NVIDIA A100-SXM4-40GB,0,1410 MHz,1215 MHz,0.0 %,251.16 W (est),17 %,1.3 %,226.43 W,4,81 %,13.50 W (freq-based estimate),59,1410 MHz,52,16
2025-10-19 07:09:44.7,workload_bart_small_us-west1,NVIDIA A100-SXM4-40GB,0,1410 MHz,1215 MHz,0.0 %,251.16 W (est),17 %,1.3 %,210.54 W,4,82 %,13.50 W (freq-based estimate),59,1410 MHz,52,16
2025-10-19 07:09:46.0,workload_bart_small_us-west1,NVIDIA A100-SXM4-40GB,0,1410 MHz,1215 MHz,0.0 %,251.16 W (est),16 %,1.3 %,263.97 W,4,85 %,13.50 W (freq-based estimate),59,1410 MHz,52,16
2025-10-19 07:09:47.4,workload_bart_small_us-west1,NVIDIA A100-SXM4-40GB,0,1410 MHz,1215 MHz,0.0 %,251.16 W (est),16 %,1.3 %,279.55 W,4,86 %,13.50 W (freq-based estimate),59,1410 MHz,52,16
2025-10-19 07:09:48.7,workload_bart_small_us-west1,NVIDIA A100-SXM4-40GB,0,1410 MHz,1215 MHz,0.0 %,251.16 W (est),17 %,1.3 %,313.58 W,4,89 %,13.50 W (freq-based estimate),59,1410 MHz,52,16
2025-10-19 07:09:50.0,workload_bart_small_us-west1,NVIDIA A100-SXM4-40GB,0,1410 MHz,1215 MHz,0.0 %,251.16 W (est),17 %,1.3 %,296.83 W,4,86 %,13.50 W (freq-based estimate),59,1410 MHz,52,16
2025-10-19 07:09:51.3,workload_bart_small_us-west1,NVIDIA A100-SXM4-40GB,0,1410 MHz,1215 MHz,0.0 %,251.16 W (est),17 %,1.3 %,321.77 W,4,82 %,13.50 W (freq-based estimate),59,1410 MHz,52,16
2025-10-19 07:09:52.6,workload_bart_small_us-west1,NVIDIA A100-SXM4-40GB,0,1410 MHz,1215 MHz,0.0 %,251.16 W (est),16 %,1.3 %,315.33 W,4,86 %,13.50 W (freq-based estimate),59,1410 MHz,52,16
2025-10-19 07:09:53.9,workload_bart_small_us-west1,NVIDIA A100-SXM4-40GB,0,1410 MHz,1215 MHz,0.0 %,251.16 W (est),17 %,1.3 %,313.58 W,4,86 %,13.50 W (freq-based estimate),59,1410 MHz,52,16
2025-10-19 07:09:55.2,workload_bart_small_us-west1,NVIDIA A100-SXM4-40GB,0,1410 MHz,1215 MHz,0.0 %,251.16 W (est),16 %,1.3 %,312.99 W,4,87 %,13.50 W (freq-based estimate),59,1410 MHz,52,16
2025-10-19 07:09:56.5,workload_bart_small_us-west1,NVIDIA A100-SXM4-40GB,0,1410 MHz,1215 MHz,0.0 %,251.16 W (est),17 %,1.3 %,294.21 W,4,83 %,13.50 W (freq-based estimate),59,1410 MHz,52,16
2025-10-19 07:10:42.6,workload_bart_small_us-west1,NVIDIA A100-SXM4-40GB,0,1410 MHz,1215 MHz,0.0 %,251.16 W (est),0 %,1.3 %,86.68 W,4,0 %,13.50 W (freq-based estimate),44,1410 MHz,43,16
2025-10-19 07:10:44.1,workload_bart_small_us-west1,NVIDIA A100-SXM4-40GB,0,1095 MHz,1215 MHz,0.0 %,251.16 W (est),0 %,1.3 %,67.87 W,4,7 %,13.50 W (freq-based estimate),43,1095 MHz,42,16
2025-10-19 07:10:45.4,workload_bart_small_us-west1,NVIDIA A100-SXM4-40GB,0,1095 MHz,1215 MHz,0.0 %,251.16 W (est),0 %,1.3 %,67.52 W,4,0 %,13.50 W (freq-based estimate),42,1095 MHz,41,16
2025-10-19 07:10:46.7,workload_bart_small_us-west1,NVIDIA A100-SXM4-40GB,0,1410 MHz,1215 MHz,0.0 %,251.16 W (est),17 %,1.3 %,285.42 W,4,83 %,13.50 W (freq-based estimate),50,1410 MHz,44,16
2025-10-19 07:10:48.0,workload_bart_small_us-west1,NVIDIA A100-SXM4-40GB,0,1410 MHz,1215 MHz,0.0 %,251.16 W (est),17 %,1.3 %,244.65 W,4,83 %,13.50 W (freq-based estimate),54,1410 MHz,46,16
2025-10-19 07:10:49.3,workload_bart_small_us-west1,NVIDIA A100-SXM4-40GB,0,1410 MHz,1215 MHz,0.0 %,251.16 W (est),16 %,1.3 %,274.23 W,4,87 %,13.50 W (freq-based estimate),55,1410 MHz,47,16
2025-10-19 07:10:50.6,workload_bart_small_us-west1,NVIDIA A100-SXM4-40GB,0,1410 MHz,1215 MHz,0.0 %,251.16 W (est),17 %,1.3 %,237.53 W,4,85 %,13.50 W (freq-based estimate),56,1410 MHz,48,16
2025-10-19 07:10:51.9,workload_bart_small_us-west1,NVIDIA A100-SXM4-40GB,0,1410 MHz,1215 MHz,0.0 %,251.16 W (est),16 %,1.3 %,277.18 W,4,85 %,13.50 W (freq-based estimate),56,1410 MHz,48,16
2025-10-19 07:10:53.2,workload_bart_small_us-west1,NVIDIA A100-SXM4-40GB,0,1410 MHz,1215 MHz,0.0 %,251.16 W (est),17 %,1.3 %,314.18 W,4,90 %,13.50 W (freq-based estimate),57,1410 MHz,49,16
2025-10-19 07:10:54.6,workload_bart_small_us-west1,NVIDIA A100-SXM4-40GB,0,1410 MHz,1215 MHz,0.0 %,251.16 W (est),18 %,1.3 %,278.07 W,4,86 %,13.50 W (freq-based estimate),57,1410 MHz,50,16
2025-10-19 07:10:55.9,workload_bart_small_us-west1,NVIDIA A100-SXM4-40GB,0,1410 MHz,1215 MHz,0.0 %,251.16 W (est),17 %,1.3 %,266.60 W,4,86 %,13.50 W (freq-based estimate),56,1410 MHz,49,16
2025-10-19 07:10:57.2,workload_bart_small_us-west1,NVIDIA A100-SXM4-40GB,0,1410 MHz,1215 MHz,0.0 %,251.16 W (est),16 %,1.3 %,312.11 W,4,88 %,13.50 W (freq-based estimate),57,1410 MHz,50,16
2025-10-19 07:10:58.5,workload_bart_small_us-west1,NVIDIA A100-SXM4-40GB,0,1410 MHz,1215 MHz,0.0 %,251.16 W (est),17 %,1.3 %,273.10 W,4,84 %,13.50 W (freq-based estimate),57,1410 MHz,50,16
2025-10-19 07:10:59.8,workload_bart_small_us-west1,NVIDIA A100-SXM4-40GB,0,1410 MHz,1215 MHz,0.0 %,251.16 W (est),17 %,1.3 %,286.89 W,4,87 %,13.50 W (freq-based estimate),58,1410 MHz,50,16
2025-10-19 07:11:01.1,workload_bart_small_us-west1,NVIDIA A100-SXM4-40GB,0,1410 MHz,1215 MHz,0.0 %,251.16 W (est),17 %,1.3 %,293.01 W,4,86 %,13.50 W (freq-based estimate),58,1410 MHz,51,16
2025-10-19 07:11:02.4,workload_bart_small_us-west1,NVIDIA A100-SXM4-40GB,0,1410 MHz,1215 MHz,0.0 %,251.16 W (est),16 %,1.3 %,302.13 W,4,86 %,13.50 W (freq-based estimate),58,1410 MHz,51,16
2025-10-19 07:11:03.7,workload_bart_small_us-west1,NVIDIA A100-SXM4-40GB,0,1410 MHz,1215 MHz,0.0 %,251.16 W (est),17 %,1.3 %,281.29 W,4,83 %,13.50 W (freq-based estimate),59,1410 MHz,51,16
2025-10-19 07:11:05.1,workload_bart_small_us-west1,NVIDIA A100-SXM4-40GB,0,1410 MHz,1215 MHz,0.0 %,251.16 W (est),13 %,1.3 %,136.93 W,4,69 %,13.50 W (freq-based estimate),55,1410 MHz,50,16
2025-10-19 07:11:06.4,workload_bart_small_us-west1,NVIDIA A100-SXM4-40GB,0,1410 MHz,1215 MHz,0.0 %,251.16 W (est),14 %,1.3 %,273.37 W,4,72 %,13.50 W (freq-based estimate),55,1410 MHz,50,16
2025-10-19 07:11:07.8,workload_bart_small_us-west1,NVIDIA A100-SXM4-40GB,0,1410 MHz,1215 MHz,0.0 %,251.16 W (est),16 %,1.3 %,270.75 W,4,78 %,13.50 W (freq-based estimate),57,1410 MHz,50,16
2025-10-19 07:11:09.1,workload_bart_small_us-west1,NVIDIA A100-SXM4-40GB,0,1410 MHz,1215 MHz,0.0 %,251.16 W (est),15 %,1.3 %,289.24 W,4,79 %,13.50 W (freq-based estimate),58,1410 MHz,51,16
2025-10-19 07:11:10.4,workload_bart_small_us-west1,NVIDIA A100-SXM4-40GB,0,1410 MHz,1215 MHz,0.0 %,251.16 W (est),17 %,1.3 %,288.04 W,4,83 %,13.50 W (freq-based estimate),58,1410 MHz,51,16
2025-10-19 07:11:11.7,workload_bart_small_us-west1,NVIDIA A100-SXM4-40GB,0,1410 MHz,1215 MHz,0.0 %,251.16 W (est),17 %,1.3 %,281.27 W,4,88 %,13.50 W (freq-based estimate),59,1410 MHz,51,16
2025-10-19 07:11:13.0,workload_bart_small_us-west1,NVIDIA A100-SXM4-40GB,0,1410 MHz,1215 MHz,0.0 %,251.16 W (est),16 %,1.3 %,297.16 W,4,84 %,13.50 W (freq-based estimate),59,1410 MHz,52,16
2025-10-19 07:11:14.3,workload_bart_small_us-west1,NVIDIA A100-SXM4-40GB,0,1410 MHz,1215 MHz,0.0 %,251.16 W (est),16 %,1.3 %,310.37 W,4,87 %,13.50 W (freq-based estimate),59,1410 MHz,51,16
2025-10-19 07:11:15.6,workload_bart_small_us-west1,NVIDIA A100-SXM4-40GB,0,1410 MHz,1215 MHz,0.0 %,251.16 W (est),16 %,1.3 %,313.58 W,4,87 %,13.50 W (freq-based estimate),59,1410 MHz,52,16
2025-10-19 07:11:16.9,workload_bart_small_us-west1,NVIDIA A100-SXM4-40GB,0,1410 MHz,1215 MHz,0.0 %,251.16 W (est),15 %,1.3 %,302.13 W,4,81 %,13.50 W (freq-based estimate),59,1410 MHz,52,16
2025-10-19 07:11:18.3,workload_bart_small_us-west1,NVIDIA A100-SXM4-40GB,0,1410 MHz,1215 MHz,0.0 %,251.16 W (est),17 %,1.3 %,267.20 W,4,84 %,13.50 W (freq-based estimate),60,1410 MHz,52,16
2025-10-19 07:11:19.6,workload_bart_small_us-west1,NVIDIA A100-SXM4-40GB,0,1410 MHz,1215 MHz,0.0 %,251.16 W (est),16 %,1.3 %,284.55 W,4,88 %,13.50 W (freq-based estimate),59,1410 MHz,52,16
2025-10-19 07:11:20.9,workload_bart_small_us-west1,NVIDIA A100-SXM4-40GB,0,1410 MHz,1215 MHz,0.0 %,251.16 W (est),17 %,1.3 %,244.91 W,4,84 %,13.50 W (freq-based estimate),59,1410 MHz,52,16
2025-10-19 07:11:22.2,workload_bart_small_us-west1,NVIDIA A100-SXM4-40GB,0,1410 MHz,1215 MHz,0.0 %,251.16 W (est),16 %,1.3 %,282.75 W,4,80 %,13.50 W (freq-based estimate),58,1410 MHz,52,16
2025-10-19 07:11:23.5,workload_bart_small_us-west1,NVIDIA A100-SXM4-40GB,0,1410 MHz,1215 MHz,0.0 %,251.16 W (est),16 %,1.3 %,284.23 W,4,87 %,13.50 W (freq-based estimate),60,1410 MHz,52,16
2025-10-19 07:11:24.8,workload_bart_small_us-west1,NVIDIA A100-SXM4-40GB,0,1410 MHz,1215 MHz,0.0 %,251.16 W (est),17 %,1.3 %,305.34 W,4,87 %,13.50 W (freq-based estimate),59,1410 MHz,52,16
2025-10-19 07:11:26.1,workload_bart_small_us-west1,NVIDIA A100-SXM4-40GB,0,1410 MHz,1215 MHz,0.0 %,251.16 W (est),17 %,1.3 %,255.72 W,4,84 %,13.50 W (freq-based estimate),60,1410 MHz,52,16
2025-10-19 07:11:27.4,workload_bart_small_us-west1,NVIDIA A100-SXM4-40GB,0,1410 MHz,1215 MHz,0.0 %,251.16 W (est),16 %,1.3 %,276.31 W,4,81 %,13.50 W (freq-based estimate),59,1410 MHz,52,16
2025-10-19 07:11:28.7,workload_bart_small_us-west1,NVIDIA A100-SXM4-40GB,0,1410 MHz,1215 MHz,0.0 %,251.16 W (est),16 %,1.3 %,272.49 W,4,80 %,13.50 W (freq-based estimate),59,1410 MHz,52,16
2025-10-19 07:11:30.3,workload_bart_small_us-west1,NVIDIA A100-SXM4-40GB,0,1410 MHz,1215 MHz,0.0 %,251.16 W (est),0 %,1.4 %,93.64 W,4,0 %,13.50 W (freq-based estimate),51,1410 MHz,48,16
2025-10-19 07:11:31.6,workload_bart_small_us-west1,NVIDIA A100-SXM4-40GB,0,1410 MHz,1215 MHz,0.0 %,251.32 W (est),10 %,1.4 %,130.07 W,4,42 %,13.50 W (freq-based estimate),52,1410 MHz,49,16
2025-10-19 07:11:32.9,workload_bart_small_us-west1,NVIDIA A100-SXM4-40GB,0,1410 MHz,1215 MHz,0.0 %,251.32 W (est),10 %,1.4 %,131.36 W,4,42 %,13.50 W (freq-based estimate),51,1410 MHz,49,16
2025-10-19 07:11:34.2,workload_bart_small_us-west1,NVIDIA A100-SXM4-40GB,0,1410 MHz,1215 MHz,0.0 %,251.32 W (est),9 %,1.4 %,125.78 W,4,35 %,13.50 W (freq-based estimate),50,1410 MHz,48,16
2025-10-19 07:11:35.5,workload_bart_small_us-west1,NVIDIA A100-SXM4-40GB,0,1410 MHz,1215 MHz,0.0 %,251.32 W (est),10 %,1.4 %,131.68 W,4,42 %,13.50 W (freq-based estimate),52,1410 MHz,48,16
2025-10-19 07:11:36.8,workload_bart_small_us-west1,NVIDIA A100-SXM4-40GB,0,1410 MHz,1215 MHz,0.0 %,251.32 W (est),9 %,1.4 %,126.39 W,4,41 %,13.50 W (freq-based estimate),53,1410 MHz,48,16
2025-10-19 07:11:38.2,workload_bart_small_us-west1,NVIDIA A100-SXM4-40GB,0,1410 MHz,1215 MHz,0.0 %,251.32 W (est),8 %,1.4 %,252.23 W,4,26 %,13.50 W (freq-based estimate),51,1410 MHz,47,16
2025-10-19 07:11:39.5,workload_bart_small_us-west1,NVIDIA A100-SXM4-40GB,0,1410 MHz,1215 MHz,0.0 %,251.32 W (est),10 %,1.4 %,128.13 W,4,42 %,13.50 W (freq-based estimate),49,1410 MHz,47,16
2025-10-19 07:11:40.8,workload_bart_small_us-west1,NVIDIA A100-SXM4-40GB,0,1410 MHz,1215 MHz,0.0 %,251.32 W (est),10 %,1.4 %,129.00 W,4,42 %,13.50 W (freq-based estimate),51,1410 MHz,47,16
2025-10-19 07:11:42.1,workload_bart_small_us-west1,NVIDIA A100-SXM4-40GB,0,1410 MHz,1215 MHz,0.0 %,251.32 W (est),9 %,1.4 %,258.68 W,4,27 %,13.50 W (freq-based estimate),51,1410 MHz,47,16
2025-10-19 07:11:43.4,workload_bart_small_us-west1,NVIDIA A100-SXM4-40GB,0,1410 MHz,1215 MHz,0.0 %,251.32 W (est),9 %,1.4 %,129.00 W,4,31 %,13.50 W (freq-based estimate),49,1410 MHz,47,16
2025-10-19 07:11:44.7,workload_bart_small_us-west1,NVIDIA A100-SXM4-40GB,0,1410 MHz,1215 MHz,0.0 %,251.32 W (est),10 %,1.4 %,126.11 W,4,42 %,13.50 W (freq-based estimate),49,1410 MHz,47,16
2025-10-19 07:11:46.0,workload_bart_small_us-west1,NVIDIA A100-SXM4-40GB,0,1410 MHz,1215 MHz,0.0 %,251.32 W (est),10 %,1.4 %,129.34 W,4,37 %,13.50 W (freq-based estimate),49,1410 MHz,47,16
2025-10-19 07:11:47.3,workload_bart_small_us-west1,NVIDIA A100-SXM4-40GB,0,1410 MHz,1215 MHz,0.0 %,251.32 W (est),10 %,1.4 %,121.95 W,4,43 %,13.50 W (freq-based estimate),50,1410 MHz,46,16
2025-10-19 07:11:48.6,workload_bart_small_us-west1,NVIDIA A100-SXM4-40GB,0,1410 MHz,1215 MHz,0.0 %,251.32 W (est),10 %,1.4 %,272.77 W,4,42 %,13.50 W (freq-based estimate),51,1410 MHz,46,16
2025-10-19 07:11:49.9,workload_bart_small_us-west1,NVIDIA A100-SXM4-40GB,0,1410 MHz,1215 MHz,0.0 %,251.32 W (est),9 %,1.4 %,205.85 W,4,29 %,13.50 W (freq-based estimate),51,1410 MHz,47,16
2025-10-19 07:11:51.3,workload_bart_small_us-west1,NVIDIA A100-SXM4-40GB,0,1410 MHz,1215 MHz,0.0 %,251.32 W (est),9 %,1.4 %,128.87 W,4,30 %,13.50 W (freq-based estimate),49,1410 MHz,46,16
2025-10-19 07:11:52.6,workload_bart_small_us-west1,NVIDIA A100-SXM4-40GB,0,1410 MHz,1215 MHz,0.0 %,251.32 W (est),10 %,1.4 %,123.76 W,4,43 %,13.50 W (freq-based estimate),48,1410 MHz,46,16
2025-10-19 07:11:53.9,workload_bart_small_us-west1,NVIDIA A100-SXM4-40GB,0,1410 MHz,1215 MHz,0.0 %,251.32 W (est),9 %,1.4 %,120.20 W,4,29 %,13.50 W (freq-based estimate),50,1410 MHz,46,16
2025-10-19 07:11:55.2,workload_bart_small_us-west1,NVIDIA A100-SXM4-40GB,0,1410 MHz,1215 MHz,0.0 %,251.32 W (est),9 %,1.4 %,156.35 W,4,28 %,13.50 W (freq-based estimate),48,1410 MHz,45,16
2025-10-19 07:11:56.5,workload_bart_small_us-west1,NVIDIA A100-SXM4-40GB,0,1410 MHz,1215 MHz,0.0 %,251.32 W (est),10 %,1.4 %,127.53 W,4,43 %,13.50 W (freq-based estimate),48,1410 MHz,45,16
2025-10-19 07:11:57.8,workload_bart_small_us-west1,NVIDIA A100-SXM4-40GB,0,1410 MHz,1215 MHz,0.0 %,251.32 W (est),10 %,1.4 %,117.85 W,4,42 %,13.50 W (freq-based estimate),48,1410 MHz,45,16
2025-10-19 07:11:59.1,workload_bart_small_us-west1,NVIDIA A100-SXM4-40GB,0,1410 MHz,1215 MHz,0.0 %,251.32 W (est),8 %,1.4 %,120.80 W,4,27 %,13.50 W (freq-based estimate),50,1410 MHz,46,16
2025-10-19 07:12:00.4,workload_bart_small_us-west1,NVIDIA A100-SXM4-40GB,0,1410 MHz,1215 MHz,0.0 %,251.32 W (est),9 %,1.4 %,278.34 W,4,32 %,13.50 W (freq-based estimate),50,1410 MHz,45,16
2025-10-19 07:12:01.7,workload_bart_small_us-west1,NVIDIA A100-SXM4-40GB,0,1410 MHz,1215 MHz,0.0 %,251.32 W (est),10 %,1.4 %,136.66 W,4,42 %,13.50 W (freq-based estimate),48,1410 MHz,45,16
2025-10-19 07:12:03.1,workload_bart_small_us-west1,NVIDIA A100-SXM4-40GB,0,1410 MHz,1215 MHz,0.0 %,251.32 W (est),10 %,1.4 %,122.56 W,4,43 %,13.50 W (freq-based estimate),48,1410 MHz,45,16
2025-10-19 07:12:04.4,workload_bart_small_us-west1,NVIDIA A100-SXM4-40GB,0,1410 MHz,1215 MHz,0.0 %,251.32 W (est),9 %,1.4 %,226.99 W,4,34 %,13.50 W (freq-based estimate),50,1410 MHz,46,16
2025-10-19 07:12:05.7,workload_bart_small_us-west1,NVIDIA A100-SXM4-40GB,0,1410 MHz,1215 MHz,0.0 %,251.32 W (est),10 %,1.4 %,128.87 W,4,43 %,13.50 W (freq-based estimate),48,1410 MHz,45,16
2025-10-19 07:12:07.0,workload_bart_small_us-west1,NVIDIA A100-SXM4-40GB,0,1410 MHz,1215 MHz,0.0 %,251.32 W (est),10 %,1.4 %,125.51 W,4,43 %,13.50 W (freq-based estimate),48,1410 MHz,45,16
2025-10-19 07:12:08.3,workload_bart_small_us-west1,NVIDIA A100-SXM4-40GB,0,1410 MHz,1215 MHz,0.0 %,251.32 W (est),8 %,1.4 %,122.28 W,4,27 %,13.50 W (freq-based estimate),47,1410 MHz,45,16
2025-10-19 07:12:09.6,workload_bart_small_us-west1,NVIDIA A100-SXM4-40GB,0,1410 MHz,1215 MHz,0.0 %,251.32 W (est),9 %,1.4 %,294.81 W,4,28 %,13.50 W (freq-based estimate),50,1410 MHz,45,16
2025-10-19 07:12:10.9,workload_bart_small_us-west1,NVIDIA A100-SXM4-40GB,0,1410 MHz,1215 MHz,0.0 %,251.32 W (est),9 %,1.4 %,285.99 W,4,32 %,13.50 W (freq-based estimate),48,1410 MHz,45,16
2025-10-19 07:12:12.2,workload_bart_small_us-west1,NVIDIA A100-SXM4-40GB,0,1410 MHz,1215 MHz,0.0 %,251.32 W (est),10 %,1.4 %,128.13 W,4,36 %,13.50 W (freq-based estimate),47,1410 MHz,45,16
2025-10-19 07:12:13.5,workload_bart_small_us-west1,NVIDIA A100-SXM4-40GB,0,1410 MHz,1215 MHz,0.0 %,251.32 W (est),10 %,1.4 %,130.95 W,4,44 %,13.50 W (freq-based estimate),47,1410 MHz,45,16
2025-10-19 07:12:15.1,workload_bart_small_us-west1,NVIDIA A100-SXM4-40GB,0,1410 MHz,1215 MHz,0.0 %,251.16 W (est),0 %,1.3 %,87.19 W,4,0 %,13.50 W (freq-based estimate),45,1410 MHz,43,16
2025-10-19 07:12:16.5,workload_bart_small_us-west1,NVIDIA A100-SXM4-40GB,0,1095 MHz,1215 MHz,0.0 %,251.16 W (est),0 %,1.3 %,67.87 W,4,0 %,13.50 W (freq-based estimate),43,1095 MHz,42,16
2025-10-19 07:12:17.9,workload_bart_small_us-west1,NVIDIA A100-SXM4-40GB,0,1095 MHz,1215 MHz,0.0 %,251.16 W (est),0 %,1.3 %,67.59 W,4,4 %,13.50 W (freq-based estimate),42,1095 MHz,41,16
2025-10-19 07:12:19.2,workload_bart_small_us-west1,NVIDIA A100-SXM4-40GB,0,1410 MHz,1215 MHz,0.0 %,251.16 W (est),1 %,1.3 %,117.25 W,4,6 %,13.50 W (freq-based estimate),47,1410 MHz,43,16
2025-10-19 07:12:20.6,workload_bart_small_us-west1,NVIDIA A100-SXM4-40GB,0,1410 MHz,1215 MHz,0.0 %,251.16 W (est),17 %,1.3 %,267.20 W,4,84 %,13.50 W (freq-based estimate),54,1410 MHz,46,16
2025-10-19 07:12:21.9,workload_bart_small_us-west1,NVIDIA A100-SXM4-40GB,0,1410 MHz,1215 MHz,0.0 %,251.16 W (est),17 %,1.3 %,286.86 W,4,84 %,13.50 W (freq-based estimate),55,1410 MHz,48,16
2025-10-19 07:12:23.2,workload_bart_small_us-west1,NVIDIA A100-SXM4-40GB,0,1410 MHz,1215 MHz,0.0 %,251.16 W (est),17 %,1.3 %,220.82 W,4,89 %,13.50 W (freq-based estimate),55,1410 MHz,48,16
2025-10-19 07:12:24.5,workload_bart_small_us-west1,NVIDIA A100-SXM4-40GB,0,1410 MHz,1215 MHz,0.0 %,251.16 W (est),17 %,1.3 %,280.70 W,4,87 %,13.50 W (freq-based estimate),56,1410 MHz,49,16
2025-10-19 07:12:25.8,workload_bart_small_us-west1,NVIDIA A100-SXM4-40GB,0,1410 MHz,1215 MHz,0.0 %,251.16 W (est),16 %,1.3 %,240.48 W,4,87 %,13.50 W (freq-based estimate),57,1410 MHz,49,16
2025-10-19 07:12:27.1,workload_bart_small_us-west1,NVIDIA A100-SXM4-40GB,0,1410 MHz,1215 MHz,0.0 %,251.16 W (est),18 %,1.3 %,302.16 W,4,87 %,13.50 W (freq-based estimate),57,1410 MHz,49,16
2025-10-19 07:12:28.4,workload_bart_small_us-west1,NVIDIA A100-SXM4-40GB,0,1410 MHz,1215 MHz,0.0 %,251.16 W (est),16 %,1.3 %,275.72 W,4,84 %,13.50 W (freq-based estimate),57,1410 MHz,49,16
2025-10-19 07:12:29.7,workload_bart_small_us-west1,NVIDIA A100-SXM4-40GB,0,1410 MHz,1215 MHz,0.0 %,251.16 W (est),16 %,1.3 %,291.89 W,4,86 %,13.50 W (freq-based estimate),57,1410 MHz,50,16
2025-10-19 07:12:31.0,workload_bart_small_us-west1,NVIDIA A100-SXM4-40GB,0,1410 MHz,1215 MHz,0.0 %,251.16 W (est),16 %,1.3 %,273.37 W,4,85 %,13.50 W (freq-based estimate),58,1410 MHz,50,16
2025-10-19 07:12:32.3,workload_bart_small_us-west1,NVIDIA A100-SXM4-40GB,0,1410 MHz,1215 MHz,0.0 %,251.16 W (est),16 %,1.3 %,281.27 W,4,87 %,13.50 W (freq-based estimate),58,1410 MHz,50,16
2025-10-19 07:12:33.6,workload_bart_small_us-west1,NVIDIA A100-SXM4-40GB,0,1410 MHz,1215 MHz,0.0 %,251.16 W (est),16 %,1.3 %,256.65 W,4,78 %,13.50 W (freq-based estimate),57,1410 MHz,51,16
2025-10-19 07:12:35.0,workload_bart_small_us-west1,NVIDIA A100-SXM4-40GB,0,1410 MHz,1215 MHz,0.0 %,251.16 W (est),16 %,1.3 %,285.10 W,4,80 %,13.50 W (freq-based estimate),58,1410 MHz,51,16
2025-10-19 07:12:36.3,workload_bart_small_us-west1,NVIDIA A100-SXM4-40GB,0,1410 MHz,1215 MHz,0.0 %,251.16 W (est),15 %,1.3 %,177.84 W,4,74 %,13.50 W (freq-based estimate),56,1410 MHz,49,16
2025-10-19 07:12:37.6,workload_bart_small_us-west1,NVIDIA A100-SXM4-40GB,0,1410 MHz,1215 MHz,0.0 %,251.16 W (est),15 %,1.3 %,286.30 W,4,80 %,13.50 W (freq-based estimate),58,1410 MHz,50,16
2025-10-19 07:12:38.9,workload_bart_small_us-west1,NVIDIA A100-SXM4-40GB,0,1410 MHz,1215 MHz,0.0 %,251.16 W (est),14 %,1.3 %,182.03 W,4,73 %,13.50 W (freq-based estimate),56,1410 MHz,50,16
2025-10-19 07:12:40.2,workload_bart_small_us-west1,NVIDIA A100-SXM4-40GB,0,1410 MHz,1215 MHz,0.0 %,251.16 W (est),14 %,1.3 %,295.08 W,4,74 %,13.50 W (freq-based estimate),58,1410 MHz,51,16
2025-10-19 07:12:41.5,workload_bart_small_us-west1,NVIDIA A100-SXM4-40GB,0,1410 MHz,1215 MHz,0.0 %,251.16 W (est),15 %,1.3 %,227.87 W,4,75 %,13.50 W (freq-based estimate),57,1410 MHz,51,16
2025-10-19 07:12:42.9,workload_bart_small_us-west1,NVIDIA A100-SXM4-40GB,0,1410 MHz,1215 MHz,0.0 %,251.16 W (est),14 %,1.3 %,234.31 W,4,71 %,13.50 W (freq-based estimate),56,1410 MHz,50,16
2025-10-19 07:12:44.2,workload_bart_small_us-west1,NVIDIA A100-SXM4-40GB,0,1410 MHz,1215 MHz,0.0 %,251.16 W (est),16 %,1.3 %,297.43 W,4,82 %,13.50 W (freq-based estimate),57,1410 MHz,51,16
2025-10-19 07:12:45.5,workload_bart_small_us-west1,NVIDIA A100-SXM4-40GB,0,1410 MHz,1215 MHz,0.0 %,251.16 W (est),14 %,1.3 %,120.80 W,4,72 %,13.50 W (freq-based estimate),56,1410 MHz,50,16
2025-10-19 07:12:46.8,workload_bart_small_us-west1,NVIDIA A100-SXM4-40GB,0,1410 MHz,1215 MHz,0.0 %,251.16 W (est),15 %,1.3 %,301.85 W,4,78 %,13.50 W (freq-based estimate),56,1410 MHz,50,16
2025-10-19 07:12:48.2,workload_bart_small_us-west1,NVIDIA A100-SXM4-40GB,0,1410 MHz,1215 MHz,0.0 %,251.16 W (est),16 %,1.3 %,287.19 W,4,78 %,13.50 W (freq-based estimate),59,1410 MHz,51,16
2025-10-19 07:12:49.5,workload_bart_small_us-west1,NVIDIA A100-SXM4-40GB,0,1410 MHz,1215 MHz,0.0 %,251.16 W (est),17 %,1.3 %,275.99 W,4,84 %,13.50 W (freq-based estimate),58,1410 MHz,51,16
2025-10-19 07:12:50.8,workload_bart_small_us-west1,NVIDIA A100-SXM4-40GB,0,1410 MHz,1215 MHz,0.0 %,251.16 W (est),16 %,1.3 %,217.87 W,4,84 %,13.50 W (freq-based estimate),59,1410 MHz,52,16
2025-10-19 07:12:52.1,workload_bart_small_us-west1,NVIDIA A100-SXM4-40GB,0,1410 MHz,1215 MHz,0.0 %,251.16 W (est),16 %,1.3 %,272.50 W,4,80 %,13.50 W (freq-based estimate),58,1410 MHz,51,16
2025-10-19 07:12:53.4,workload_bart_small_us-west1,NVIDIA A100-SXM4-40GB,0,1410 MHz,1215 MHz,0.0 %,251.16 W (est),16 %,1.3 %,234.59 W,4,85 %,13.50 W (freq-based estimate),59,1410 MHz,51,16
2025-10-19 07:12:54.7,workload_bart_small_us-west1,NVIDIA A100-SXM4-40GB,0,1410 MHz,1215 MHz,0.0 %,251.16 W (est),16 %,1.3 %,246.66 W,4,86 %,13.50 W (freq-based estimate),59,1410 MHz,51,16
2025-10-19 07:12:56.0,workload_bart_small_us-west1,NVIDIA A100-SXM4-40GB,0,1410 MHz,1215 MHz,0.0 %,251.16 W (est),16 %,1.3 %,241.09 W,4,86 %,13.50 W (freq-based estimate),59,1410 MHz,52,16
2025-10-19 07:12:57.3,workload_bart_small_us-west1,NVIDIA A100-SXM4-40GB,0,1410 MHz,1215 MHz,0.0 %,251.16 W (est),16 %,1.3 %,243.10 W,4,85 %,13.50 W (freq-based estimate),59,1410 MHz,52,16
2025-10-19 07:12:58.6,workload_bart_small_us-west1,NVIDIA A100-SXM4-40GB,0,1410 MHz,1215 MHz,0.0 %,251.16 W (est),16 %,1.3 %,205.24 W,4,86 %,13.50 W (freq-based estimate),59,1410 MHz,51,16
2025-10-19 07:12:59.9,workload_bart_small_us-west1,NVIDIA A100-SXM4-40GB,0,1410 MHz,1215 MHz,0.0 %,251.16 W (est),16 %,1.3 %,275.12 W,4,81 %,13.50 W (freq-based estimate),59,1410 MHz,52,16
2025-10-19 07:13:01.3,workload_bart_small_us-west1,NVIDIA A100-SXM4-40GB,0,1410 MHz,1215 MHz,0.0 %,251.16 W (est),17 %,1.3 %,277.20 W,4,84 %,13.50 W (freq-based estimate),59,1410 MHz,52,16
2025-10-19 07:13:02.6,workload_bart_small_us-west1,NVIDIA A100-SXM4-40GB,0,1410 MHz,1215 MHz,0.0 %,251.16 W (est),15 %,1.3 %,281.29 W,4,81 %,13.50 W (freq-based estimate),59,1410 MHz,52,16
2025-10-19 07:13:48.8,workload_bart_small_us-west1,NVIDIA A100-SXM4-40GB,0,1410 MHz,1215 MHz,0.0 %,251.16 W (est),0 %,1.3 %,85.81 W,4,0 %,13.50 W (freq-based estimate),43,1410 MHz,41,16
2025-10-19 07:13:50.3,workload_bart_small_us-west1,NVIDIA A100-SXM4-40GB,0,1095 MHz,1215 MHz,0.0 %,251.16 W (est),0 %,1.3 %,67.26 W,4,2 %,13.50 W (freq-based estimate),41,1095 MHz,40,16
2025-10-19 07:13:51.6,workload_bart_small_us-west1,NVIDIA A100-SXM4-40GB,0,1095 MHz,1215 MHz,0.0 %,251.16 W (est),0 %,1.3 %,66.72 W,4,1 %,13.50 W (freq-based estimate),40,1095 MHz,40,16
2025-10-19 07:13:52.9,workload_bart_small_us-west1,NVIDIA A100-SXM4-40GB,0,1410 MHz,1215 MHz,0.0 %,251.16 W (est),9 %,1.3 %,221.09 W,4,61 %,13.50 W (freq-based estimate),45,1410 MHz,42,16
2025-10-19 07:13:54.2,workload_bart_small_us-west1,NVIDIA A100-SXM4-40GB,0,1410 MHz,1215 MHz,0.0 %,251.16 W (est),17 %,1.3 %,300.96 W,4,90 %,13.50 W (freq-based estimate),51,1410 MHz,45,16
2025-10-19 07:13:55.5,workload_bart_small_us-west1,NVIDIA A100-SXM4-40GB,0,1410 MHz,1215 MHz,0.0 %,251.16 W (est),17 %,1.3 %,288.65 W,4,84 %,13.50 W (freq-based estimate),53,1410 MHz,45,16
2025-10-19 07:13:56.8,workload_bart_small_us-west1,NVIDIA A100-SXM4-40GB,0,1410 MHz,1215 MHz,0.0 %,251.16 W (est),17 %,1.3 %,282.75 W,4,92 %,13.50 W (freq-based estimate),54,1410 MHz,47,16
2025-10-19 07:13:58.5,workload_bart_small_us-west1,NVIDIA A100-SXM4-40GB,0,1410 MHz,1215 MHz,0.0 %,250.83 W (est),0 %,1.1 %,85.81 W,4,4 %,13.50 W (freq-based estimate),43,1410 MHz,42,16
2025-10-19 07:13:59.9,workload_bart_small_us-west1,NVIDIA A100-SXM4-40GB,0,1095 MHz,1215 MHz,0.0 %,250.83 W (est),0 %,1.1 %,67.87 W,4,10 %,13.50 W (freq-based estimate),41,1095 MHz,40,16
2025-10-19 07:14:01.3,workload_bart_small_us-west1,NVIDIA A100-SXM4-40GB,0,1410 MHz,1215 MHz,0.0 %,250.99 W (est),9 %,1.1 %,246.66 W,4,52 %,13.50 W (freq-based estimate),45,1410 MHz,42,16
2025-10-19 07:14:02.6,workload_bart_small_us-west1,NVIDIA A100-SXM4-40GB,0,1410 MHz,1215 MHz,0.0 %,250.99 W (est),9 %,1.2 %,120.80 W,4,30 %,13.50 W (freq-based estimate),45,1410 MHz,42,16
2025-10-19 07:14:03.9,workload_bart_small_us-west1,NVIDIA A100-SXM4-40GB,0,1410 MHz,1215 MHz,0.0 %,250.99 W (est),9 %,1.2 %,122.56 W,4,27 %,13.50 W (freq-based estimate),45,1410 MHz,42,16
2025-10-19 07:14:05.2,workload_bart_small_us-west1,NVIDIA A100-SXM4-40GB,0,1410 MHz,1215 MHz,0.0 %,250.99 W (est),10 %,1.2 %,135.37 W,4,43 %,13.50 W (freq-based estimate),45,1410 MHz,43,16
2025-10-19 07:14:06.5,workload_bart_small_us-west1,NVIDIA A100-SXM4-40GB,0,1410 MHz,1215 MHz,0.0 %,250.99 W (est),10 %,1.2 %,123.63 W,4,43 %,13.50 W (freq-based estimate),45,1410 MHz,43,16
2025-10-19 07:14:07.8,workload_bart_small_us-west1,NVIDIA A100-SXM4-40GB,0,1410 MHz,1215 MHz,0.0 %,250.99 W (est),10 %,1.2 %,123.43 W,4,44 %,13.50 W (freq-based estimate),46,1410 MHz,43,16
2025-10-19 07:14:09.1,workload_bart_small_us-west1,NVIDIA A100-SXM4-40GB,0,1410 MHz,1215 MHz,0.0 %,250.99 W (est),9 %,1.2 %,125.18 W,4,29 %,13.50 W (freq-based estimate),45,1410 MHz,43,16
2025-10-19 07:14:10.4,workload_bart_small_us-west1,NVIDIA A100-SXM4-40GB,0,1410 MHz,1215 MHz,0.0 %,250.99 W (est),9 %,1.2 %,118.45 W,4,29 %,13.50 W (freq-based estimate),45,1410 MHz,43,16
2025-10-19 07:14:11.7,workload_bart_small_us-west1,NVIDIA A100-SXM4-40GB,0,1410 MHz,1215 MHz,0.0 %,250.99 W (est),10 %,1.2 %,266.05 W,4,40 %,13.50 W (freq-based estimate),48,1410 MHz,44,16
2025-10-19 07:14:13.0,workload_bart_small_us-west1,NVIDIA A100-SXM4-40GB,0,1410 MHz,1215 MHz,0.0 %,250.99 W (est),10 %,1.2 %,118.45 W,4,40 %,13.50 W (freq-based estimate),45,1410 MHz,43,16
2025-10-19 07:14:14.4,workload_bart_small_us-west1,NVIDIA A100-SXM4-40GB,0,1410 MHz,1215 MHz,0.0 %,250.99 W (est),10 %,1.2 %,124.63 W,4,43 %,13.50 W (freq-based estimate),45,1410 MHz,43,16
2025-10-19 07:14:15.7,workload_bart_small_us-west1,NVIDIA A100-SXM4-40GB,0,1410 MHz,1215 MHz,0.0 %,250.99 W (est),10 %,1.2 %,247.53 W,4,44 %,13.50 W (freq-based estimate),45,1410 MHz,43,16
2025-10-19 07:14:17.0,workload_bart_small_us-west1,NVIDIA A100-SXM4-40GB,0,1410 MHz,1215 MHz,0.0 %,250.99 W (est),9 %,1.2 %,260.43 W,4,31 %,13.50 W (freq-based estimate),46,1410 MHz,43,16
2025-10-19 07:14:18.3,workload_bart_small_us-west1,NVIDIA A100-SXM4-40GB,0,1410 MHz,1215 MHz,0.0 %,250.99 W (est),10 %,1.2 %,116.10 W,4,43 %,13.50 W (freq-based estimate),45,1410 MHz,43,16
2025-10-19 07:14:19.6,workload_bart_small_us-west1,NVIDIA A100-SXM4-40GB,0,1410 MHz,1215 MHz,0.0 %,250.99 W (est),10 %,1.2 %,154.87 W,4,44 %,13.50 W (freq-based estimate),47,1410 MHz,43,16
2025-10-19 07:14:20.9,workload_bart_small_us-west1,NVIDIA A100-SXM4-40GB,0,1410 MHz,1215 MHz,0.0 %,250.99 W (est),10 %,1.2 %,136.39 W,4,43 %,13.50 W (freq-based estimate),46,1410 MHz,43,16
2025-10-19 07:14:22.2,workload_bart_small_us-west1,NVIDIA A100-SXM4-40GB,0,1410 MHz,1215 MHz,0.0 %,250.99 W (est),10 %,1.2 %,126.98 W,4,44 %,13.50 W (freq-based estimate),45,1410 MHz,43,16
2025-10-19 07:14:23.5,workload_bart_small_us-west1,NVIDIA A100-SXM4-40GB,0,1410 MHz,1215 MHz,0.0 %,250.99 W (est),9 %,1.2 %,269.55 W,4,30 %,13.50 W (freq-based estimate),47,1410 MHz,43,16
2025-10-19 07:14:24.8,workload_bart_small_us-west1,NVIDIA A100-SXM4-40GB,0,1410 MHz,1215 MHz,0.0 %,250.99 W (est),9 %,1.2 %,125.78 W,4,32 %,13.50 W (freq-based estimate),46,1410 MHz,43,16
2025-10-19 07:14:26.1,workload_bart_small_us-west1,NVIDIA A100-SXM4-40GB,0,1410 MHz,1215 MHz,0.0 %,250.99 W (est),10 %,1.2 %,122.16 W,4,39 %,13.50 W (freq-based estimate),45,1410 MHz,43,16
2025-10-19 07:14:27.5,workload_bart_small_us-west1,NVIDIA A100-SXM4-40GB,0,1410 MHz,1215 MHz,0.0 %,250.99 W (est),10 %,1.2 %,247.27 W,4,36 %,13.50 W (freq-based estimate),47,1410 MHz,43,16
2025-10-19 07:14:28.8,workload_bart_small_us-west1,NVIDIA A100-SXM4-40GB,0,1410 MHz,1215 MHz,0.0 %,250.99 W (est),10 %,1.2 %,121.55 W,4,43 %,13.50 W (freq-based estimate),46,1410 MHz,43,16
2025-10-19 07:14:30.1,workload_bart_small_us-west1,NVIDIA A100-SXM4-40GB,0,1410 MHz,1215 MHz,0.0 %,250.99 W (est),10 %,1.2 %,117.46 W,4,44 %,13.50 W (freq-based estimate),45,1410 MHz,43,16
2025-10-19 07:14:31.4,workload_bart_small_us-west1,NVIDIA A100-SXM4-40GB,0,1410 MHz,1215 MHz,0.0 %,250.99 W (est),10 %,1.2 %,106.69 W,4,43 %,13.50 W (freq-based estimate),45,1410 MHz,43,16
2025-10-19 07:14:32.7,workload_bart_small_us-west1,NVIDIA A100-SXM4-40GB,0,1410 MHz,1215 MHz,0.0 %,250.99 W (est),9 %,1.2 %,119.05 W,4,28 %,13.50 W (freq-based estimate),45,1410 MHz,43,16
2025-10-19 07:14:34.0,workload_bart_small_us-west1,NVIDIA A100-SXM4-40GB,0,1410 MHz,1215 MHz,0.0 %,250.99 W (est),9 %,1.2 %,147.82 W,4,29 %,13.50 W (freq-based estimate),47,1410 MHz,43,16
2025-10-19 07:14:35.3,workload_bart_small_us-west1,NVIDIA A100-SXM4-40GB,0,1410 MHz,1215 MHz,0.0 %,250.99 W (est),10 %,1.2 %,127.25 W,4,44 %,13.50 W (freq-based estimate),46,1410 MHz,43,16
2025-10-19 07:14:36.6,workload_bart_small_us-west1,NVIDIA A100-SXM4-40GB,0,1410 MHz,1215 MHz,0.0 %,250.99 W (est),10 %,1.2 %,121.82 W,4,38 %,13.50 W (freq-based estimate),46,1410 MHz,44,16
2025-10-19 07:14:37.9,workload_bart_small_us-west1,NVIDIA A100-SXM4-40GB,0,1410 MHz,1215 MHz,0.0 %,250.99 W (est),10 %,1.2 %,291.59 W,4,43 %,13.50 W (freq-based estimate),46,1410 MHz,43,16
2025-10-19 07:14:39.3,workload_bart_small_us-west1,NVIDIA A100-SXM4-40GB,0,1410 MHz,1215 MHz,0.0 %,250.99 W (est),10 %,1.2 %,127.53 W,4,43 %,13.50 W (freq-based estimate),46,1410 MHz,43,16
2025-10-19 07:14:40.6,workload_bart_small_us-west1,NVIDIA A100-SXM4-40GB,0,1410 MHz,1215 MHz,0.0 %,250.99 W (est),8 %,1.2 %,119.48 W,4,26 %,13.50 W (freq-based estimate),45,1410 MHz,43,16
2025-10-19 07:14:41.9,workload_bart_small_us-west1,NVIDIA A100-SXM4-40GB,0,1410 MHz,1215 MHz,0.0 %,250.99 W (est),8 %,1.2 %,115.65 W,4,28 %,13.50 W (freq-based estimate),45,1410 MHz,43,16
2025-10-19 07:14:43.3,workload_bart_small_us-west1,NVIDIA A100-SXM4-40GB,0,1410 MHz,1215 MHz,0.0 %,250.99 W (est),7 %,1.2 %,110.68 W,4,25 %,13.50 W (freq-based estimate),45,1410 MHz,42,16
2025-10-19 07:14:44.9,workload_bart_small_us-west1,NVIDIA A100-SXM4-40GB,0,1095 MHz,1215 MHz,0.0 %,250.83 W (est),0 %,1.1 %,67.26 W,4,0 %,13.50 W (freq-based estimate),42,1095 MHz,40,16
2025-10-19 07:14:46.4,workload_bart_small_us-west1,NVIDIA A100-SXM4-40GB,0,1095 MHz,1215 MHz,0.0 %,250.83 W (est),0 %,1.1 %,66.99 W,4,0 %,13.50 W (freq-based estimate),41,1095 MHz,40,16
2025-10-19 07:14:47.9,workload_bart_small_us-west1,NVIDIA A100-SXM4-40GB,0,1095 MHz,1215 MHz,0.0 %,250.83 W (est),0 %,1.1 %,66.79 W,4,0 %,13.50 W (freq-based estimate),41,1095 MHz,39,16
2025-10-19 07:14:49.2,workload_bart_small_us-west1,NVIDIA A100-SXM4-40GB,0,1095 MHz,1215 MHz,0.0 %,250.83 W (est),0 %,1.1 %,66.39 W,4,0 %,13.50 W (freq-based estimate),40,1095 MHz,39,16
2025-10-19 07:14:50.5,workload_bart_small_us-west1,NVIDIA A100-SXM4-40GB,0,1095 MHz,1215 MHz,0.0 %,250.83 W (est),0 %,1.1 %,66.39 W,4,0 %,13.50 W (freq-based estimate),40,1095 MHz,39,16
2025-10-19 07:14:51.8,workload_bart_small_us-west1,NVIDIA A100-SXM4-40GB,0,1095 MHz,1215 MHz,0.0 %,250.83 W (est),0 %,1.1 %,66.39 W,4,0 %,13.50 W (freq-based estimate),40,1095 MHz,39,16
2025-10-19 07:14:53.1,workload_bart_small_us-west1,NVIDIA A100-SXM4-40GB,0,1095 MHz,1215 MHz,0.0 %,250.83 W (est),0 %,1.1 %,66.39 W,4,0 %,13.50 W (freq-based estimate),40,1095 MHz,39,16
2025-10-19 07:14:54.5,workload_bart_small_us-west1,NVIDIA A100-SXM4-40GB,0,1095 MHz,1215 MHz,0.0 %,250.99 W (est),0 %,1.2 %,66.46 W,4,0 %,13.50 W (freq-based estimate),40,1095 MHz,38,16
2025-10-19 07:14:55.8,workload_bart_small_us-west1,NVIDIA A100-SXM4-40GB,0,1095 MHz,1215 MHz,0.0 %,250.99 W (est),0 %,1.2 %,66.46 W,4,0 %,13.50 W (freq-based estimate),40,1095 MHz,38,16
2025-10-19 07:14:57.1,workload_bart_small_us-west1,NVIDIA A100-SXM4-40GB,0,1095 MHz,1215 MHz,0.0 %,250.99 W (est),0 %,1.2 %,66.11 W,4,0 %,13.50 W (freq-based estimate),39,1095 MHz,38,16
2025-10-19 07:14:58.4,workload_bart_small_us-west1,NVIDIA A100-SXM4-40GB,0,1095 MHz,1215 MHz,0.0 %,250.99 W (est),0 %,1.2 %,66.18 W,4,0 %,13.50 W (freq-based estimate),39,1095 MHz,38,16
2025-10-19 07:14:59.7,workload_bart_small_us-west1,NVIDIA A100-SXM4-40GB,0,1095 MHz,1215 MHz,0.0 %,250.99 W (est),0 %,1.2 %,66.18 W,4,0 %,13.50 W (freq-based estimate),39,1095 MHz,38,16
2025-10-19 07:15:01.1,workload_bart_small_us-west1,NVIDIA A100-SXM4-40GB,0,1095 MHz,1215 MHz,0.0 %,250.99 W (est),0 %,1.2 %,65.84 W,4,0 %,13.50 W (freq-based estimate),39,1095 MHz,38,16
2025-10-19 07:15:02.4,workload_bart_small_us-west1,NVIDIA A100-SXM4-40GB,0,1095 MHz,1215 MHz,0.0 %,250.99 W (est),0 %,1.2 %,65.84 W,4,0 %,13.50 W (freq-based estimate),39,1095 MHz,38,16
2025-10-19 07:15:03.7,workload_bart_small_us-west1,NVIDIA A100-SXM4-40GB,0,1095 MHz,1215 MHz,0.0 %,250.99 W (est),0 %,1.2 %,65.51 W,4,0 %,13.50 W (freq-based estimate),39,1095 MHz,38,16
2025-10-19 07:15:05.0,workload_bart_small_us-west1,NVIDIA A100-SXM4-40GB,0,1095 MHz,1215 MHz,0.0 %,250.99 W (est),0 %,1.2 %,65.51 W,4,0 %,13.50 W (freq-based estimate),39,1095 MHz,38,16
2025-10-19 07:15:06.3,workload_bart_small_us-west1,NVIDIA A100-SXM4-40GB,0,1095 MHz,1215 MHz,0.0 %,250.99 W (est),0 %,1.2 %,65.84 W,4,0 %,13.50 W (freq-based estimate),39,1095 MHz,37,16
2025-10-19 07:15:07.6,workload_bart_small_us-west1,NVIDIA A100-SXM4-40GB,0,1095 MHz,1215 MHz,0.0 %,250.99 W (est),0 %,1.2 %,65.91 W,4,0 %,13.50 W (freq-based estimate),39,1095 MHz,37,16
2025-10-19 07:15:08.9,workload_bart_small_us-west1,NVIDIA A100-SXM4-40GB,0,1095 MHz,1215 MHz,0.0 %,250.99 W (est),0 %,1.2 %,65.51 W,4,0 %,13.50 W (freq-based estimate),39,1095 MHz,37,16
2025-10-19 07:15:10.2,workload_bart_small_us-west1,NVIDIA A100-SXM4-40GB,0,1095 MHz,1215 MHz,0.0 %,250.99 W (est),0 %,1.2 %,65.51 W,4,0 %,13.50 W (freq-based estimate),39,1095 MHz,38,16
2025-10-19 07:15:11.5,workload_bart_small_us-west1,NVIDIA A100-SXM4-40GB,0,1095 MHz,1215 MHz,0.0 %,250.99 W (est),0 %,1.2 %,65.51 W,4,0 %,13.50 W (freq-based estimate),39,1095 MHz,38,16
2025-10-19 07:15:12.9,workload_bart_small_us-west1,NVIDIA A100-SXM4-40GB,0,1095 MHz,1215 MHz,0.0 %,250.99 W (est),0 %,1.2 %,65.51 W,4,0 %,13.50 W (freq-based estimate),39,1095 MHz,38,16
2025-10-19 07:15:14.2,workload_bart_small_us-west1,NVIDIA A100-SXM4-40GB,0,1095 MHz,1215 MHz,0.0 %,250.99 W (est),0 %,1.2 %,65.84 W,4,0 %,13.50 W (freq-based estimate),39,1095 MHz,37,16
2025-10-19 07:15:15.5,workload_bart_small_us-west1,NVIDIA A100-SXM4-40GB,0,1095 MHz,1215 MHz,0.0 %,250.99 W (est),0 %,1.2 %,65.84 W,4,0 %,13.50 W (freq-based estimate),39,1095 MHz,37,16
2025-10-19 07:15:16.8,workload_bart_small_us-west1,NVIDIA A100-SXM4-40GB,0,1095 MHz,1215 MHz,0.0 %,250.83 W (est),0 %,1.1 %,65.51 W,4,0 %,13.50 W (freq-based estimate),39,1095 MHz,38,16
2025-10-19 07:15:18.1,workload_bart_small_us-west1,NVIDIA A100-SXM4-40GB,0,1095 MHz,1215 MHz,0.0 %,250.83 W (est),0 %,1.1 %,65.45 W,4,0 %,13.50 W (freq-based estimate),39,1095 MHz,37,16
2025-10-19 07:15:19.4,workload_bart_small_us-west1,NVIDIA A100-SXM4-40GB,0,1095 MHz,1215 MHz,0.0 %,250.83 W (est),0 %,1.1 %,65.51 W,4,0 %,13.50 W (freq-based estimate),39,1095 MHz,37,16
2025-10-19 07:15:20.7,workload_bart_small_us-west1,NVIDIA A100-SXM4-40GB,0,1095 MHz,1215 MHz,0.0 %,250.83 W (est),0 %,1.1 %,65.51 W,4,0 %,13.50 W (freq-based estimate),39,1095 MHz,37,16
2025-10-19 07:15:22.0,workload_bart_small_us-west1,NVIDIA A100-SXM4-40GB,0,1095 MHz,1215 MHz,0.0 %,250.83 W (est),0 %,1.1 %,65.58 W,4,0 %,13.50 W (freq-based estimate),39,1095 MHz,38,16
2025-10-19 07:15:23.3,workload_bart_small_us-west1,NVIDIA A100-SXM4-40GB,0,1095 MHz,1215 MHz,0.0 %,250.83 W (est),0 %,1.1 %,65.51 W,4,0 %,13.50 W (freq-based estimate),39,1095 MHz,37,16
2025-10-19 07:15:24.6,workload_bart_small_us-west1,NVIDIA A100-SXM4-40GB,0,1095 MHz,1215 MHz,0.0 %,250.83 W (est),0 %,1.1 %,65.51 W,4,0 %,13.50 W (freq-based estimate),39,1095 MHz,37,16
