timestamp,task_name,name,index,power.draw [W],temperature.gpu,dram_power,clocks.current.graphics [MHz],clocks.current.memory [MHz],dram_usage,pcie.link.width.current,clocks.current.sm [MHz],cpu_usage,cpu_power,temperature.memory,utilization.memory [%],utilization.gpu [%],pcie.link.gen.current
2025-10-22 15:11:29.3,workload_flan_t5_small_us-east1,NVIDIA A100-SXM4-40GB,0,58.34 W,38,249.00 W (est),210 MHz,1215 MHz,0.0 %,16,210 MHz,0.0 %,13.50 W (freq-based estimate),37,0 %,0 %,4
2025-10-22 15:11:32.3,workload_flan_t5_small_us-east1,NVIDIA A100-SXM4-40GB,0,58.34 W,38,250.16 W (est),210 MHz,1215 MHz,0.6 %,16,210 MHz,0.0 %,13.50 W (freq-based estimate),37,0 %,0 %,4
2025-10-22 15:11:33.6,workload_flan_t5_small_us-east1,NVIDIA A100-SXM4-40GB,0,58.34 W,37,250.16 W (est),210 MHz,1215 MHz,0.7 %,16,210 MHz,0.0 %,13.50 W (freq-based estimate),37,0 %,0 %,4
2025-10-22 15:11:35.0,workload_flan_t5_small_us-east1,NVIDIA A100-SXM4-40GB,0,58.07 W,37,250.16 W (est),210 MHz,1215 MHz,0.7 %,16,210 MHz,0.0 %,13.50 W (freq-based estimate),37,0 %,0 %,4
2025-10-22 15:11:36.3,workload_flan_t5_small_us-east1,NVIDIA A100-SXM4-40GB,0,58.07 W,37,250.16 W (est),210 MHz,1215 MHz,0.7 %,16,210 MHz,0.0 %,13.50 W (freq-based estimate),37,0 %,0 %,4
2025-10-22 15:11:37.7,workload_flan_t5_small_us-east1,NVIDIA A100-SXM4-40GB,0,58.07 W,37,250.16 W (est),210 MHz,1215 MHz,0.7 %,16,210 MHz,0.0 %,13.50 W (freq-based estimate),36,0 %,0 %,4
2025-10-22 15:11:39.0,workload_flan_t5_small_us-east1,NVIDIA A100-SXM4-40GB,0,58.07 W,37,250.16 W (est),210 MHz,1215 MHz,0.7 %,16,210 MHz,0.0 %,13.50 W (freq-based estimate),36,0 %,0 %,4
2025-10-22 15:11:40.6,workload_flan_t5_small_us-east1,NVIDIA A100-SXM4-40GB,0,59.81 W,37,250.16 W (est),765 MHz,1215 MHz,0.7 %,16,765 MHz,0.0 %,13.50 W (freq-based estimate),36,0 %,0 %,4
2025-10-22 15:11:41.9,workload_flan_t5_small_us-east1,NVIDIA A100-SXM4-40GB,0,59.81 W,37,250.16 W (est),765 MHz,1215 MHz,0.7 %,16,765 MHz,0.0 %,13.50 W (freq-based estimate),36,0 %,0 %,4
2025-10-22 15:11:43.2,workload_flan_t5_small_us-east1,NVIDIA A100-SXM4-40GB,0,57.74 W,37,250.16 W (est),210 MHz,1215 MHz,0.7 %,16,210 MHz,0.0 %,13.50 W (freq-based estimate),36,0 %,0 %,4
2025-10-22 15:11:44.6,workload_flan_t5_small_us-east1,NVIDIA A100-SXM4-40GB,0,57.74 W,37,250.16 W (est),210 MHz,1215 MHz,0.7 %,16,210 MHz,0.0 %,13.50 W (freq-based estimate),36,0 %,0 %,4
2025-10-22 15:11:45.9,workload_flan_t5_small_us-east1,NVIDIA A100-SXM4-40GB,0,57.74 W,37,250.16 W (est),210 MHz,1215 MHz,0.7 %,16,210 MHz,0.0 %,13.50 W (freq-based estimate),36,0 %,0 %,4
2025-10-22 15:11:47.2,workload_flan_t5_small_us-east1,NVIDIA A100-SXM4-40GB,0,57.74 W,37,250.33 W (est),210 MHz,1215 MHz,0.7 %,16,210 MHz,0.0 %,13.50 W (freq-based estimate),36,0 %,0 %,4
2025-10-22 15:11:48.6,workload_flan_t5_small_us-east1,NVIDIA A100-SXM4-40GB,0,57.74 W,37,250.33 W (est),210 MHz,1215 MHz,0.8 %,16,210 MHz,0.0 %,13.50 W (freq-based estimate),36,0 %,0 %,4
2025-10-22 15:11:49.9,workload_flan_t5_small_us-east1,NVIDIA A100-SXM4-40GB,0,57.74 W,37,250.33 W (est),210 MHz,1215 MHz,0.8 %,16,210 MHz,0.0 %,13.50 W (freq-based estimate),36,0 %,0 %,4
2025-10-22 15:11:51.2,workload_flan_t5_small_us-east1,NVIDIA A100-SXM4-40GB,0,57.74 W,37,250.33 W (est),210 MHz,1215 MHz,0.8 %,16,210 MHz,0.0 %,13.50 W (freq-based estimate),36,0 %,0 %,4
2025-10-22 15:11:52.5,workload_flan_t5_small_us-east1,NVIDIA A100-SXM4-40GB,0,57.74 W,37,250.33 W (est),210 MHz,1215 MHz,0.8 %,16,210 MHz,0.0 %,13.50 W (freq-based estimate),36,0 %,0 %,4
2025-10-22 15:11:53.8,workload_flan_t5_small_us-east1,NVIDIA A100-SXM4-40GB,0,63.03 W,37,250.33 W (est),1095 MHz,1215 MHz,0.8 %,16,1095 MHz,0.0 %,13.50 W (freq-based estimate),36,0 %,12 %,4
2025-10-22 15:11:55.2,workload_flan_t5_small_us-east1,NVIDIA A100-SXM4-40GB,0,63.03 W,37,250.66 W (est),1095 MHz,1215 MHz,1.0 %,16,1095 MHz,0.0 %,13.50 W (freq-based estimate),36,0 %,0 %,4
2025-10-22 15:11:56.5,workload_flan_t5_small_us-east1,NVIDIA A100-SXM4-40GB,0,63.03 W,37,250.83 W (est),1095 MHz,1215 MHz,1.0 %,16,1095 MHz,0.0 %,13.50 W (freq-based estimate),36,0 %,0 %,4
2025-10-22 15:11:57.8,workload_flan_t5_small_us-east1,NVIDIA A100-SXM4-40GB,0,63.03 W,37,250.99 W (est),1095 MHz,1215 MHz,1.2 %,16,1095 MHz,0.0 %,13.50 W (freq-based estimate),36,0 %,0 %,4
2025-10-22 15:11:59.1,workload_flan_t5_small_us-east1,NVIDIA A100-SXM4-40GB,0,63.03 W,37,250.99 W (est),1095 MHz,1215 MHz,1.2 %,16,1095 MHz,0.0 %,13.50 W (freq-based estimate),36,0 %,0 %,4
2025-10-22 15:12:00.5,workload_flan_t5_small_us-east1,NVIDIA A100-SXM4-40GB,0,63.03 W,37,250.99 W (est),1095 MHz,1215 MHz,1.2 %,16,1095 MHz,0.0 %,13.50 W (freq-based estimate),36,0 %,0 %,4
2025-10-22 15:12:01.8,workload_flan_t5_small_us-east1,NVIDIA A100-SXM4-40GB,0,63.36 W,37,250.99 W (est),1095 MHz,1215 MHz,1.2 %,16,1095 MHz,0.0 %,13.50 W (freq-based estimate),35,0 %,0 %,4
2025-10-22 15:12:03.1,workload_flan_t5_small_us-east1,NVIDIA A100-SXM4-40GB,0,63.03 W,37,250.99 W (est),1095 MHz,1215 MHz,1.2 %,16,1095 MHz,0.0 %,13.50 W (freq-based estimate),36,0 %,0 %,4
2025-10-22 15:12:04.4,workload_flan_t5_small_us-east1,NVIDIA A100-SXM4-40GB,0,63.03 W,37,250.49 W (est),1095 MHz,1215 MHz,0.9 %,16,1095 MHz,0.0 %,13.50 W (freq-based estimate),35,0 %,0 %,4
2025-10-22 15:12:06.0,workload_flan_t5_small_us-east1,NVIDIA A100-SXM4-40GB,0,63.03 W,36,250.49 W (est),1095 MHz,1215 MHz,0.9 %,16,1095 MHz,0.0 %,13.50 W (freq-based estimate),35,0 %,0 %,4
2025-10-22 15:12:07.3,workload_flan_t5_small_us-east1,NVIDIA A100-SXM4-40GB,0,63.03 W,36,250.66 W (est),1095 MHz,1215 MHz,1.0 %,16,1095 MHz,0.0 %,13.50 W (freq-based estimate),36,0 %,0 %,4
2025-10-22 15:12:08.7,workload_flan_t5_small_us-east1,NVIDIA A100-SXM4-40GB,0,87.37 W,37,250.83 W (est),1095 MHz,1215 MHz,1.0 %,16,1095 MHz,0.0 %,13.50 W (freq-based estimate),36,1 %,7 %,4
2025-10-22 15:12:10.0,workload_flan_t5_small_us-east1,NVIDIA A100-SXM4-40GB,0,191.83 W,45,250.83 W (est),1410 MHz,1215 MHz,1.1 %,16,1410 MHz,0.0 %,13.50 W (freq-based estimate),40,26 %,78 %,4
2025-10-22 15:12:11.3,workload_flan_t5_small_us-east1,NVIDIA A100-SXM4-40GB,0,179.91 W,46,250.83 W (est),1410 MHz,1215 MHz,1.1 %,16,1410 MHz,0.0 %,13.50 W (freq-based estimate),41,24 %,78 %,4
2025-10-22 15:12:12.6,workload_flan_t5_small_us-east1,NVIDIA A100-SXM4-40GB,0,258.15 W,48,250.83 W (est),1410 MHz,1215 MHz,1.1 %,16,1410 MHz,0.0 %,13.50 W (freq-based estimate),43,21 %,72 %,4
2025-10-22 15:12:13.9,workload_flan_t5_small_us-east1,NVIDIA A100-SXM4-40GB,0,179.50 W,47,250.83 W (est),1410 MHz,1215 MHz,1.1 %,16,1410 MHz,0.0 %,13.50 W (freq-based estimate),42,23 %,78 %,4
2025-10-22 15:12:15.2,workload_flan_t5_small_us-east1,NVIDIA A100-SXM4-40GB,0,227.40 W,48,250.83 W (est),1410 MHz,1215 MHz,1.1 %,16,1410 MHz,0.0 %,13.50 W (freq-based estimate),43,21 %,71 %,4
2025-10-22 15:12:16.5,workload_flan_t5_small_us-east1,NVIDIA A100-SXM4-40GB,0,200.14 W,48,250.83 W (est),1410 MHz,1215 MHz,1.1 %,16,1410 MHz,0.0 %,13.50 W (freq-based estimate),43,22 %,78 %,4
2025-10-22 15:12:17.8,workload_flan_t5_small_us-east1,NVIDIA A100-SXM4-40GB,0,164.27 W,46,250.83 W (est),1410 MHz,1215 MHz,1.1 %,16,1410 MHz,0.0 %,13.50 W (freq-based estimate),42,14 %,49 %,4
2025-10-22 15:12:19.2,workload_flan_t5_small_us-east1,NVIDIA A100-SXM4-40GB,0,109.09 W,46,250.83 W (est),1410 MHz,1215 MHz,1.1 %,16,1410 MHz,0.0 %,13.50 W (freq-based estimate),42,15 %,51 %,4
2025-10-22 15:12:20.5,workload_flan_t5_small_us-east1,NVIDIA A100-SXM4-40GB,0,194.45 W,48,250.83 W (est),1410 MHz,1215 MHz,1.1 %,16,1410 MHz,0.0 %,13.50 W (freq-based estimate),44,17 %,64 %,4
2025-10-22 15:12:21.8,workload_flan_t5_small_us-east1,NVIDIA A100-SXM4-40GB,0,248.16 W,48,250.83 W (est),1410 MHz,1215 MHz,1.1 %,16,1410 MHz,0.0 %,13.50 W (freq-based estimate),43,23 %,70 %,4
2025-10-22 15:12:23.1,workload_flan_t5_small_us-east1,NVIDIA A100-SXM4-40GB,0,192.78 W,49,250.83 W (est),1410 MHz,1215 MHz,1.1 %,16,1410 MHz,0.0 %,13.50 W (freq-based estimate),44,23 %,70 %,4
2025-10-22 15:12:24.5,workload_flan_t5_small_us-east1,NVIDIA A100-SXM4-40GB,0,177.15 W,50,250.83 W (est),1410 MHz,1215 MHz,1.1 %,16,1410 MHz,0.0 %,13.50 W (freq-based estimate),45,23 %,78 %,4
2025-10-22 15:12:25.8,workload_flan_t5_small_us-east1,NVIDIA A100-SXM4-40GB,0,223.85 W,50,250.83 W (est),1410 MHz,1215 MHz,1.1 %,16,1410 MHz,0.0 %,13.50 W (freq-based estimate),45,25 %,76 %,4
2025-10-22 15:12:27.1,workload_flan_t5_small_us-east1,NVIDIA A100-SXM4-40GB,0,259.62 W,50,250.83 W (est),1410 MHz,1215 MHz,1.1 %,16,1410 MHz,0.0 %,13.50 W (freq-based estimate),45,21 %,69 %,4
2025-10-22 15:12:28.4,workload_flan_t5_small_us-east1,NVIDIA A100-SXM4-40GB,0,232.68 W,50,250.83 W (est),1410 MHz,1215 MHz,1.1 %,16,1410 MHz,0.0 %,13.50 W (freq-based estimate),46,22 %,68 %,4
2025-10-22 15:12:29.7,workload_flan_t5_small_us-east1,NVIDIA A100-SXM4-40GB,0,240.26 W,50,250.83 W (est),1410 MHz,1215 MHz,1.1 %,16,1410 MHz,0.0 %,13.50 W (freq-based estimate),45,23 %,78 %,4
2025-10-22 15:12:31.0,workload_flan_t5_small_us-east1,NVIDIA A100-SXM4-40GB,0,190.16 W,50,250.83 W (est),1410 MHz,1215 MHz,1.1 %,16,1410 MHz,0.0 %,13.50 W (freq-based estimate),45,22 %,68 %,4
2025-10-22 15:12:32.3,workload_flan_t5_small_us-east1,NVIDIA A100-SXM4-40GB,0,191.63 W,50,250.83 W (est),1410 MHz,1215 MHz,1.1 %,16,1410 MHz,0.0 %,13.50 W (freq-based estimate),45,22 %,71 %,4
2025-10-22 15:12:33.6,workload_flan_t5_small_us-east1,NVIDIA A100-SXM4-40GB,0,199.26 W,50,250.83 W (est),1410 MHz,1215 MHz,1.1 %,16,1410 MHz,0.0 %,13.50 W (freq-based estimate),46,21 %,75 %,4
2025-10-22 15:12:35.0,workload_flan_t5_small_us-east1,NVIDIA A100-SXM4-40GB,0,181.65 W,50,250.83 W (est),1410 MHz,1215 MHz,1.1 %,16,1410 MHz,0.0 %,13.50 W (freq-based estimate),45,24 %,71 %,4
2025-10-22 15:12:36.3,workload_flan_t5_small_us-east1,NVIDIA A100-SXM4-40GB,0,188.09 W,50,250.83 W (est),1410 MHz,1215 MHz,1.1 %,16,1410 MHz,0.0 %,13.50 W (freq-based estimate),45,22 %,70 %,4
2025-10-22 15:12:37.6,workload_flan_t5_small_us-east1,NVIDIA A100-SXM4-40GB,0,168.19 W,50,250.83 W (est),1410 MHz,1215 MHz,1.1 %,16,1410 MHz,0.0 %,13.50 W (freq-based estimate),45,22 %,71 %,4
2025-10-22 15:12:38.9,workload_flan_t5_small_us-east1,NVIDIA A100-SXM4-40GB,0,256.73 W,52,250.83 W (est),1410 MHz,1215 MHz,1.1 %,16,1410 MHz,0.0 %,13.50 W (freq-based estimate),47,21 %,75 %,4
2025-10-22 15:12:40.2,workload_flan_t5_small_us-east1,NVIDIA A100-SXM4-40GB,0,232.71 W,51,250.83 W (est),1410 MHz,1215 MHz,1.1 %,16,1410 MHz,0.0 %,13.50 W (freq-based estimate),46,22 %,68 %,4
2025-10-22 15:12:41.5,workload_flan_t5_small_us-east1,NVIDIA A100-SXM4-40GB,0,192.78 W,50,250.83 W (est),1410 MHz,1215 MHz,1.1 %,16,1410 MHz,0.0 %,13.50 W (freq-based estimate),45,18 %,65 %,4
2025-10-22 15:12:42.8,workload_flan_t5_small_us-east1,NVIDIA A100-SXM4-40GB,0,162.03 W,51,250.83 W (est),1410 MHz,1215 MHz,1.1 %,16,1410 MHz,0.0 %,13.50 W (freq-based estimate),45,22 %,76 %,4
2025-10-22 15:12:44.1,workload_flan_t5_small_us-east1,NVIDIA A100-SXM4-40GB,0,233.56 W,51,250.83 W (est),1410 MHz,1215 MHz,1.1 %,16,1410 MHz,0.0 %,13.50 W (freq-based estimate),46,21 %,74 %,4
2025-10-22 15:12:45.4,workload_flan_t5_small_us-east1,NVIDIA A100-SXM4-40GB,0,213.87 W,51,250.83 W (est),1410 MHz,1215 MHz,1.1 %,16,1410 MHz,0.0 %,13.50 W (freq-based estimate),47,24 %,72 %,4
2025-10-22 15:12:46.8,workload_flan_t5_small_us-east1,NVIDIA A100-SXM4-40GB,0,155.75 W,50,250.83 W (est),1410 MHz,1215 MHz,1.1 %,16,1410 MHz,0.0 %,13.50 W (freq-based estimate),45,23 %,70 %,4
2025-10-22 15:12:48.1,workload_flan_t5_small_us-east1,NVIDIA A100-SXM4-40GB,0,205.43 W,51,250.83 W (est),1410 MHz,1215 MHz,1.1 %,16,1410 MHz,0.0 %,13.50 W (freq-based estimate),47,16 %,52 %,4
2025-10-22 15:12:49.4,workload_flan_t5_small_us-east1,NVIDIA A100-SXM4-40GB,0,165.24 W,49,250.83 W (est),1410 MHz,1215 MHz,1.1 %,16,1410 MHz,0.0 %,13.50 W (freq-based estimate),45,21 %,61 %,4
2025-10-22 15:12:50.8,workload_flan_t5_small_us-east1,NVIDIA A100-SXM4-40GB,0,241.74 W,50,250.83 W (est),1410 MHz,1215 MHz,1.1 %,16,1410 MHz,0.0 %,13.50 W (freq-based estimate),45,19 %,61 %,4
2025-10-22 15:12:52.2,workload_flan_t5_small_us-east1,NVIDIA A100-SXM4-40GB,0,251.11 W,50,250.83 W (est),1410 MHz,1215 MHz,1.1 %,16,1410 MHz,0.0 %,13.50 W (freq-based estimate),46,16 %,57 %,4
2025-10-22 15:12:53.5,workload_flan_t5_small_us-east1,NVIDIA A100-SXM4-40GB,0,100.31 W,48,250.83 W (est),1410 MHz,1215 MHz,1.1 %,16,1410 MHz,0.0 %,13.50 W (freq-based estimate),44,17 %,54 %,4
2025-10-22 15:12:54.8,workload_flan_t5_small_us-east1,NVIDIA A100-SXM4-40GB,0,166.02 W,50,250.83 W (est),1410 MHz,1215 MHz,1.1 %,16,1410 MHz,0.0 %,13.50 W (freq-based estimate),45,22 %,71 %,4
2025-10-22 15:12:56.1,workload_flan_t5_small_us-east1,NVIDIA A100-SXM4-40GB,0,203.08 W,51,250.83 W (est),1410 MHz,1215 MHz,1.1 %,16,1410 MHz,0.0 %,13.50 W (freq-based estimate),47,25 %,76 %,4
2025-10-22 15:12:57.4,workload_flan_t5_small_us-east1,NVIDIA A100-SXM4-40GB,0,147.24 W,50,250.83 W (est),1410 MHz,1215 MHz,1.1 %,16,1410 MHz,0.0 %,13.50 W (freq-based estimate),45,18 %,60 %,4
2025-10-22 15:12:58.8,workload_flan_t5_small_us-east1,NVIDIA A100-SXM4-40GB,0,238.79 W,49,250.83 W (est),1410 MHz,1215 MHz,1.1 %,16,1410 MHz,0.0 %,13.50 W (freq-based estimate),45,18 %,63 %,4
2025-10-22 15:13:00.1,workload_flan_t5_small_us-east1,NVIDIA A100-SXM4-40GB,0,141.68 W,51,250.83 W (est),1410 MHz,1215 MHz,1.1 %,16,1410 MHz,0.0 %,13.50 W (freq-based estimate),47,16 %,59 %,4
2025-10-22 15:13:01.4,workload_flan_t5_small_us-east1,NVIDIA A100-SXM4-40GB,0,224.45 W,50,250.83 W (est),1410 MHz,1215 MHz,1.1 %,16,1410 MHz,0.0 %,13.50 W (freq-based estimate),46,19 %,58 %,4
2025-10-22 15:13:02.8,workload_flan_t5_small_us-east1,NVIDIA A100-SXM4-40GB,0,251.71 W,50,250.83 W (est),1410 MHz,1215 MHz,1.1 %,16,1410 MHz,0.0 %,13.50 W (freq-based estimate),45,18 %,60 %,4
2025-10-22 15:13:04.1,workload_flan_t5_small_us-east1,NVIDIA A100-SXM4-40GB,0,165.41 W,50,250.83 W (est),1410 MHz,1215 MHz,1.1 %,16,1410 MHz,0.0 %,13.50 W (freq-based estimate),46,16 %,54 %,4
2025-10-22 15:13:05.4,workload_flan_t5_small_us-east1,NVIDIA A100-SXM4-40GB,0,265.50 W,52,250.83 W (est),1410 MHz,1215 MHz,1.1 %,16,1410 MHz,0.0 %,13.50 W (freq-based estimate),46,22 %,71 %,4
2025-10-22 15:13:06.7,workload_flan_t5_small_us-east1,NVIDIA A100-SXM4-40GB,0,201.28 W,51,250.83 W (est),1410 MHz,1215 MHz,1.1 %,16,1410 MHz,0.0 %,13.50 W (freq-based estimate),46,20 %,71 %,4
2025-10-22 15:13:08.0,workload_flan_t5_small_us-east1,NVIDIA A100-SXM4-40GB,0,255.53 W,52,250.83 W (est),1410 MHz,1215 MHz,1.1 %,16,1410 MHz,0.0 %,13.50 W (freq-based estimate),48,24 %,72 %,4
2025-10-22 15:13:09.3,workload_flan_t5_small_us-east1,NVIDIA A100-SXM4-40GB,0,172.61 W,52,250.83 W (est),1410 MHz,1215 MHz,1.1 %,16,1410 MHz,0.0 %,13.50 W (freq-based estimate),47,25 %,78 %,4
2025-10-22 15:13:10.6,workload_flan_t5_small_us-east1,NVIDIA A100-SXM4-40GB,0,245.55 W,52,250.83 W (est),1410 MHz,1215 MHz,1.1 %,16,1410 MHz,0.0 %,13.50 W (freq-based estimate),47,24 %,79 %,4
2025-10-22 15:13:12.0,workload_flan_t5_small_us-east1,NVIDIA A100-SXM4-40GB,0,232.36 W,53,250.83 W (est),1410 MHz,1215 MHz,1.1 %,16,1410 MHz,0.0 %,13.50 W (freq-based estimate),48,23 %,72 %,4
2025-10-22 15:13:13.3,workload_flan_t5_small_us-east1,NVIDIA A100-SXM4-40GB,0,205.10 W,53,250.83 W (est),1410 MHz,1215 MHz,1.1 %,16,1410 MHz,0.0 %,13.50 W (freq-based estimate),47,25 %,76 %,4
2025-10-22 15:13:14.6,workload_flan_t5_small_us-east1,NVIDIA A100-SXM4-40GB,0,266.64 W,53,250.83 W (est),1410 MHz,1215 MHz,1.1 %,16,1410 MHz,0.0 %,13.50 W (freq-based estimate),48,21 %,72 %,4
2025-10-22 15:14:25.6,workload_flan_t5_small_us-east1,NVIDIA A100-SXM4-40GB,0,81.81 W,40,250.83 W (est),1410 MHz,1215 MHz,1.1 %,16,1410 MHz,0.0 %,13.50 W (freq-based estimate),38,0 %,0 %,4
2025-10-22 15:14:27.1,workload_flan_t5_small_us-east1,NVIDIA A100-SXM4-40GB,0,64.23 W,39,250.83 W (est),1095 MHz,1215 MHz,1.1 %,16,1095 MHz,0.0 %,13.50 W (freq-based estimate),38,0 %,0 %,4
2025-10-22 15:14:28.4,workload_flan_t5_small_us-east1,NVIDIA A100-SXM4-40GB,0,63.64 W,39,250.83 W (est),1095 MHz,1215 MHz,1.1 %,16,1095 MHz,0.0 %,13.50 W (freq-based estimate),38,0 %,3 %,4
2025-10-22 15:14:29.8,workload_flan_t5_small_us-east1,NVIDIA A100-SXM4-40GB,0,148.83 W,41,250.83 W (est),1095 MHz,1215 MHz,1.1 %,16,1095 MHz,0.0 %,13.50 W (freq-based estimate),40,0 %,3 %,4
2025-10-22 15:14:31.1,workload_flan_t5_small_us-east1,NVIDIA A100-SXM4-40GB,0,215.67 W,47,250.83 W (est),1410 MHz,1215 MHz,1.1 %,16,1410 MHz,0.0 %,13.50 W (freq-based estimate),42,25 %,75 %,4
2025-10-22 15:14:32.4,workload_flan_t5_small_us-east1,NVIDIA A100-SXM4-40GB,0,219.76 W,49,250.83 W (est),1410 MHz,1215 MHz,1.1 %,16,1410 MHz,0.0 %,13.50 W (freq-based estimate),44,23 %,79 %,4
2025-10-22 15:14:33.7,workload_flan_t5_small_us-east1,NVIDIA A100-SXM4-40GB,0,222.38 W,50,250.83 W (est),1410 MHz,1215 MHz,1.1 %,16,1410 MHz,0.0 %,13.50 W (freq-based estimate),45,24 %,80 %,4
2025-10-22 15:14:35.0,workload_flan_t5_small_us-east1,NVIDIA A100-SXM4-40GB,0,258.74 W,49,250.83 W (est),1410 MHz,1215 MHz,1.1 %,16,1410 MHz,0.0 %,13.50 W (freq-based estimate),45,22 %,78 %,4
2025-10-22 15:14:36.3,workload_flan_t5_small_us-east1,NVIDIA A100-SXM4-40GB,0,194.45 W,49,250.83 W (est),1410 MHz,1215 MHz,1.1 %,16,1410 MHz,0.0 %,13.50 W (freq-based estimate),44,23 %,74 %,4
2025-10-22 15:14:37.6,workload_flan_t5_small_us-east1,NVIDIA A100-SXM4-40GB,0,220.63 W,50,250.83 W (est),1410 MHz,1215 MHz,1.1 %,16,1410 MHz,0.0 %,13.50 W (freq-based estimate),45,24 %,74 %,4
2025-10-22 15:14:38.9,workload_flan_t5_small_us-east1,NVIDIA A100-SXM4-40GB,0,173.06 W,50,250.83 W (est),1410 MHz,1215 MHz,1.1 %,16,1410 MHz,0.0 %,13.50 W (freq-based estimate),45,21 %,69 %,4
2025-10-22 15:14:40.2,workload_flan_t5_small_us-east1,NVIDIA A100-SXM4-40GB,0,201.61 W,50,250.83 W (est),1410 MHz,1215 MHz,1.1 %,16,1410 MHz,0.0 %,13.50 W (freq-based estimate),45,22 %,77 %,4
2025-10-22 15:14:41.6,workload_flan_t5_small_us-east1,NVIDIA A100-SXM4-40GB,0,256.40 W,51,250.83 W (est),1410 MHz,1215 MHz,1.1 %,16,1410 MHz,0.0 %,13.50 W (freq-based estimate),46,25 %,77 %,4
2025-10-22 15:14:42.9,workload_flan_t5_small_us-east1,NVIDIA A100-SXM4-40GB,0,163.67 W,51,250.83 W (est),1410 MHz,1215 MHz,1.1 %,16,1410 MHz,0.0 %,13.50 W (freq-based estimate),45,20 %,71 %,4
2025-10-22 15:14:44.2,workload_flan_t5_small_us-east1,NVIDIA A100-SXM4-40GB,0,179.82 W,51,250.83 W (est),1410 MHz,1215 MHz,1.1 %,16,1410 MHz,0.0 %,13.50 W (freq-based estimate),45,21 %,75 %,4
2025-10-22 15:14:45.5,workload_flan_t5_small_us-east1,NVIDIA A100-SXM4-40GB,0,195.92 W,51,250.83 W (est),1410 MHz,1215 MHz,1.1 %,16,1410 MHz,0.0 %,13.50 W (freq-based estimate),46,26 %,77 %,4
2025-10-22 15:14:46.8,workload_flan_t5_small_us-east1,NVIDIA A100-SXM4-40GB,0,263.43 W,52,250.83 W (est),1410 MHz,1215 MHz,1.1 %,16,1410 MHz,0.0 %,13.50 W (freq-based estimate),47,24 %,74 %,4
2025-10-22 15:14:48.1,workload_flan_t5_small_us-east1,NVIDIA A100-SXM4-40GB,0,258.47 W,52,250.83 W (est),1410 MHz,1215 MHz,1.1 %,16,1410 MHz,0.0 %,13.50 W (freq-based estimate),46,21 %,73 %,4
2025-10-22 15:14:49.4,workload_flan_t5_small_us-east1,NVIDIA A100-SXM4-40GB,0,181.98 W,51,250.83 W (est),1410 MHz,1215 MHz,1.1 %,16,1410 MHz,0.0 %,13.50 W (freq-based estimate),46,23 %,76 %,4
2025-10-22 15:14:50.7,workload_flan_t5_small_us-east1,NVIDIA A100-SXM4-40GB,0,244.40 W,51,250.83 W (est),1410 MHz,1215 MHz,1.1 %,16,1410 MHz,0.0 %,13.50 W (freq-based estimate),46,23 %,75 %,4
2025-10-22 15:14:52.1,workload_flan_t5_small_us-east1,NVIDIA A100-SXM4-40GB,0,223.58 W,52,250.83 W (est),1410 MHz,1215 MHz,1.1 %,16,1410 MHz,0.0 %,13.50 W (freq-based estimate),47,21 %,70 %,4
2025-10-22 15:14:53.4,workload_flan_t5_small_us-east1,NVIDIA A100-SXM4-40GB,0,207.77 W,52,250.83 W (est),1410 MHz,1215 MHz,1.1 %,16,1410 MHz,0.0 %,13.50 W (freq-based estimate),47,22 %,75 %,4
2025-10-22 15:14:54.7,workload_flan_t5_small_us-east1,NVIDIA A100-SXM4-40GB,0,246.75 W,51,250.83 W (est),1410 MHz,1215 MHz,1.1 %,16,1410 MHz,0.0 %,13.50 W (freq-based estimate),46,25 %,75 %,4
2025-10-22 15:14:56.0,workload_flan_t5_small_us-east1,NVIDIA A100-SXM4-40GB,0,253.18 W,52,250.83 W (est),1410 MHz,1215 MHz,1.1 %,16,1410 MHz,0.0 %,13.50 W (freq-based estimate),46,22 %,69 %,4
2025-10-22 15:14:57.3,workload_flan_t5_small_us-east1,NVIDIA A100-SXM4-40GB,0,195.45 W,52,250.83 W (est),1410 MHz,1215 MHz,1.1 %,16,1410 MHz,0.0 %,13.50 W (freq-based estimate),47,21 %,70 %,4
2025-10-22 15:14:58.6,workload_flan_t5_small_us-east1,NVIDIA A100-SXM4-40GB,0,245.55 W,51,250.83 W (est),1410 MHz,1215 MHz,1.1 %,16,1410 MHz,0.0 %,13.50 W (freq-based estimate),47,26 %,77 %,4
2025-10-22 15:14:59.9,workload_flan_t5_small_us-east1,NVIDIA A100-SXM4-40GB,0,198.39 W,52,250.83 W (est),1410 MHz,1215 MHz,1.1 %,16,1410 MHz,0.0 %,13.50 W (freq-based estimate),46,25 %,77 %,4
2025-10-22 15:15:01.2,workload_flan_t5_small_us-east1,NVIDIA A100-SXM4-40GB,0,196.32 W,52,250.83 W (est),1410 MHz,1215 MHz,1.1 %,16,1410 MHz,0.0 %,13.50 W (freq-based estimate),47,23 %,75 %,4
2025-10-22 15:15:02.5,workload_flan_t5_small_us-east1,NVIDIA A100-SXM4-40GB,0,178.71 W,52,250.83 W (est),1410 MHz,1215 MHz,1.1 %,16,1410 MHz,0.0 %,13.50 W (freq-based estimate),47,22 %,72 %,4
2025-10-22 15:15:03.8,workload_flan_t5_small_us-east1,NVIDIA A100-SXM4-40GB,0,200.41 W,53,250.83 W (est),1410 MHz,1215 MHz,1.1 %,16,1410 MHz,0.0 %,13.50 W (freq-based estimate),47,24 %,76 %,4
2025-10-22 15:15:05.2,workload_flan_t5_small_us-east1,NVIDIA A100-SXM4-40GB,0,235.30 W,53,250.83 W (est),1410 MHz,1215 MHz,1.1 %,16,1410 MHz,0.0 %,13.50 W (freq-based estimate),47,22 %,76 %,4
2025-10-22 15:15:06.5,workload_flan_t5_small_us-east1,NVIDIA A100-SXM4-40GB,0,261.96 W,53,250.83 W (est),1410 MHz,1215 MHz,1.1 %,16,1410 MHz,0.0 %,13.50 W (freq-based estimate),48,22 %,74 %,4
2025-10-22 15:15:07.8,workload_flan_t5_small_us-east1,NVIDIA A100-SXM4-40GB,0,225.32 W,53,250.83 W (est),1410 MHz,1215 MHz,1.1 %,16,1410 MHz,0.0 %,13.50 W (freq-based estimate),47,22 %,77 %,4
2025-10-22 15:15:09.1,workload_flan_t5_small_us-east1,NVIDIA A100-SXM4-40GB,0,256.40 W,53,250.83 W (est),1410 MHz,1215 MHz,1.1 %,16,1410 MHz,0.0 %,13.50 W (freq-based estimate),48,22 %,79 %,4
2025-10-22 15:15:10.4,workload_flan_t5_small_us-east1,NVIDIA A100-SXM4-40GB,0,192.10 W,53,250.83 W (est),1410 MHz,1215 MHz,1.1 %,16,1410 MHz,0.0 %,13.50 W (freq-based estimate),49,23 %,80 %,4
2025-10-22 15:15:11.7,workload_flan_t5_small_us-east1,NVIDIA A100-SXM4-40GB,0,221.51 W,53,250.83 W (est),1410 MHz,1215 MHz,1.1 %,16,1410 MHz,0.0 %,13.50 W (freq-based estimate),48,22 %,74 %,4
2025-10-22 15:15:13.0,workload_flan_t5_small_us-east1,NVIDIA A100-SXM4-40GB,0,226.80 W,53,250.83 W (est),1410 MHz,1215 MHz,1.1 %,16,1410 MHz,0.0 %,13.50 W (freq-based estimate),49,23 %,79 %,4
2025-10-22 15:15:14.3,workload_flan_t5_small_us-east1,NVIDIA A100-SXM4-40GB,0,189.56 W,54,250.83 W (est),1410 MHz,1215 MHz,1.1 %,16,1410 MHz,0.0 %,13.50 W (freq-based estimate),49,22 %,78 %,4
2025-10-22 15:15:15.6,workload_flan_t5_small_us-east1,NVIDIA A100-SXM4-40GB,0,231.48 W,54,250.83 W (est),1410 MHz,1215 MHz,1.1 %,16,1410 MHz,0.0 %,13.50 W (freq-based estimate),49,22 %,77 %,4
2025-10-22 15:15:16.9,workload_flan_t5_small_us-east1,NVIDIA A100-SXM4-40GB,0,230.61 W,54,250.83 W (est),1410 MHz,1215 MHz,1.1 %,16,1410 MHz,0.0 %,13.50 W (freq-based estimate),49,22 %,75 %,4
2025-10-22 15:15:18.2,workload_flan_t5_small_us-east1,NVIDIA A100-SXM4-40GB,0,197.99 W,54,250.83 W (est),1410 MHz,1215 MHz,1.1 %,16,1410 MHz,0.0 %,13.50 W (freq-based estimate),49,23 %,81 %,4
2025-10-22 15:15:19.6,workload_flan_t5_small_us-east1,NVIDIA A100-SXM4-40GB,0,251.44 W,53,250.83 W (est),1410 MHz,1215 MHz,1.1 %,16,1410 MHz,0.0 %,13.50 W (freq-based estimate),48,22 %,74 %,4
2025-10-22 15:15:20.9,workload_flan_t5_small_us-east1,NVIDIA A100-SXM4-40GB,0,249.64 W,54,250.83 W (est),1410 MHz,1215 MHz,1.1 %,16,1410 MHz,0.0 %,13.50 W (freq-based estimate),49,22 %,71 %,4
2025-10-22 15:15:22.2,workload_flan_t5_small_us-east1,NVIDIA A100-SXM4-40GB,0,214.80 W,54,250.83 W (est),1410 MHz,1215 MHz,1.1 %,16,1410 MHz,0.0 %,13.50 W (freq-based estimate),48,22 %,78 %,4
2025-10-22 15:15:23.5,workload_flan_t5_small_us-east1,NVIDIA A100-SXM4-40GB,0,193.10 W,53,250.83 W (est),1410 MHz,1215 MHz,1.1 %,16,1410 MHz,0.0 %,13.50 W (freq-based estimate),49,21 %,72 %,4
2025-10-22 15:15:24.8,workload_flan_t5_small_us-east1,NVIDIA A100-SXM4-40GB,0,245.29 W,54,250.83 W (est),1410 MHz,1215 MHz,1.1 %,16,1410 MHz,0.0 %,13.50 W (freq-based estimate),48,23 %,76 %,4
2025-10-22 15:15:26.1,workload_flan_t5_small_us-east1,NVIDIA A100-SXM4-40GB,0,277.48 W,54,250.83 W (est),1410 MHz,1215 MHz,1.1 %,16,1410 MHz,0.0 %,13.50 W (freq-based estimate),50,26 %,79 %,4
2025-10-22 15:15:27.4,workload_flan_t5_small_us-east1,NVIDIA A100-SXM4-40GB,0,274.60 W,54,250.83 W (est),1410 MHz,1215 MHz,1.1 %,16,1410 MHz,0.0 %,13.50 W (freq-based estimate),49,24 %,76 %,4
2025-10-22 15:15:28.7,workload_flan_t5_small_us-east1,NVIDIA A100-SXM4-40GB,0,174.62 W,54,250.83 W (est),1410 MHz,1215 MHz,1.1 %,16,1410 MHz,0.0 %,13.50 W (freq-based estimate),50,25 %,77 %,4
2025-10-22 15:15:30.0,workload_flan_t5_small_us-east1,NVIDIA A100-SXM4-40GB,0,202.75 W,54,250.83 W (est),1410 MHz,1215 MHz,1.1 %,16,1410 MHz,0.0 %,13.50 W (freq-based estimate),49,23 %,78 %,4
2025-10-22 15:15:31.5,workload_flan_t5_small_us-east1,NVIDIA A100-SXM4-40GB,0,86.50 W,47,250.83 W (est),1410 MHz,1215 MHz,1.3 %,16,1410 MHz,0.0 %,13.50 W (freq-based estimate),44,0 %,0 %,4
2025-10-22 15:15:32.8,workload_flan_t5_small_us-east1,NVIDIA A100-SXM4-40GB,0,99.11 W,46,251.16 W (est),1410 MHz,1215 MHz,1.3 %,16,1410 MHz,0.0 %,13.50 W (freq-based estimate),44,11 %,40 %,4
2025-10-22 15:15:34.1,workload_flan_t5_small_us-east1,NVIDIA A100-SXM4-40GB,0,117.88 W,46,251.16 W (est),1410 MHz,1215 MHz,1.3 %,16,1410 MHz,0.0 %,13.50 W (freq-based estimate),43,11 %,41 %,4
2025-10-22 15:15:35.4,workload_flan_t5_small_us-east1,NVIDIA A100-SXM4-40GB,0,98.23 W,47,251.16 W (est),1410 MHz,1215 MHz,1.3 %,16,1410 MHz,0.0 %,13.50 W (freq-based estimate),44,5 %,20 %,4
2025-10-22 15:15:36.7,workload_flan_t5_small_us-east1,NVIDIA A100-SXM4-40GB,0,102.93 W,45,251.16 W (est),1410 MHz,1215 MHz,1.3 %,16,1410 MHz,0.0 %,13.50 W (freq-based estimate),42,5 %,20 %,4
2025-10-22 15:15:38.1,workload_flan_t5_small_us-east1,NVIDIA A100-SXM4-40GB,0,100.58 W,45,251.16 W (est),1410 MHz,1215 MHz,1.3 %,16,1410 MHz,0.0 %,13.50 W (freq-based estimate),43,11 %,41 %,4
2025-10-22 15:15:39.4,workload_flan_t5_small_us-east1,NVIDIA A100-SXM4-40GB,0,189.88 W,47,251.16 W (est),1410 MHz,1215 MHz,1.3 %,16,1410 MHz,0.0 %,13.50 W (freq-based estimate),43,11 %,38 %,4
2025-10-22 15:15:40.7,workload_flan_t5_small_us-east1,NVIDIA A100-SXM4-40GB,0,101.45 W,44,251.16 W (est),1410 MHz,1215 MHz,1.3 %,16,1410 MHz,0.0 %,13.50 W (freq-based estimate),42,5 %,20 %,4
2025-10-22 15:15:42.0,workload_flan_t5_small_us-east1,NVIDIA A100-SXM4-40GB,0,102.93 W,44,251.16 W (est),1410 MHz,1215 MHz,1.3 %,16,1410 MHz,0.0 %,13.50 W (freq-based estimate),42,6 %,24 %,4
2025-10-22 15:15:43.3,workload_flan_t5_small_us-east1,NVIDIA A100-SXM4-40GB,0,215.67 W,47,251.16 W (est),1410 MHz,1215 MHz,1.3 %,16,1410 MHz,0.0 %,13.50 W (freq-based estimate),43,5 %,19 %,4
2025-10-22 15:15:44.6,workload_flan_t5_small_us-east1,NVIDIA A100-SXM4-40GB,0,100.31 W,44,251.16 W (est),1410 MHz,1215 MHz,1.3 %,16,1410 MHz,0.0 %,13.50 W (freq-based estimate),42,5 %,20 %,4
2025-10-22 15:15:45.9,workload_flan_t5_small_us-east1,NVIDIA A100-SXM4-40GB,0,92.40 W,44,251.16 W (est),1410 MHz,1215 MHz,1.3 %,16,1410 MHz,0.0 %,13.50 W (freq-based estimate),42,10 %,37 %,4
2025-10-22 15:15:47.2,workload_flan_t5_small_us-east1,NVIDIA A100-SXM4-40GB,0,94.75 W,44,251.16 W (est),1410 MHz,1215 MHz,1.3 %,16,1410 MHz,0.0 %,13.50 W (freq-based estimate),41,5 %,21 %,4
2025-10-22 15:15:48.5,workload_flan_t5_small_us-east1,NVIDIA A100-SXM4-40GB,0,92.40 W,44,251.16 W (est),1410 MHz,1215 MHz,1.3 %,16,1410 MHz,0.0 %,13.50 W (freq-based estimate),41,5 %,20 %,4
2025-10-22 15:15:49.8,workload_flan_t5_small_us-east1,NVIDIA A100-SXM4-40GB,0,100.91 W,45,251.16 W (est),1410 MHz,1215 MHz,1.3 %,16,1410 MHz,0.0 %,13.50 W (freq-based estimate),42,8 %,29 %,4
2025-10-22 15:15:51.1,workload_flan_t5_small_us-east1,NVIDIA A100-SXM4-40GB,0,95.88 W,43,251.16 W (est),1410 MHz,1215 MHz,1.3 %,16,1410 MHz,0.0 %,13.50 W (freq-based estimate),41,10 %,36 %,4
2025-10-22 15:15:52.5,workload_flan_t5_small_us-east1,NVIDIA A100-SXM4-40GB,0,105.60 W,44,251.16 W (est),1410 MHz,1215 MHz,1.3 %,16,1410 MHz,0.0 %,13.50 W (freq-based estimate),41,5 %,20 %,4
2025-10-22 15:15:53.8,workload_flan_t5_small_us-east1,NVIDIA A100-SXM4-40GB,0,95.88 W,45,251.16 W (est),1410 MHz,1215 MHz,1.3 %,16,1410 MHz,0.0 %,13.50 W (freq-based estimate),43,5 %,20 %,4
2025-10-22 15:15:55.1,workload_flan_t5_small_us-east1,NVIDIA A100-SXM4-40GB,0,98.84 W,43,251.16 W (est),1410 MHz,1215 MHz,1.3 %,16,1410 MHz,0.0 %,13.50 W (freq-based estimate),41,11 %,41 %,4
2025-10-22 15:15:56.4,workload_flan_t5_small_us-east1,NVIDIA A100-SXM4-40GB,0,104.02 W,43,251.16 W (est),1410 MHz,1215 MHz,1.3 %,16,1410 MHz,0.0 %,13.50 W (freq-based estimate),41,11 %,38 %,4
2025-10-22 15:15:57.7,workload_flan_t5_small_us-east1,NVIDIA A100-SXM4-40GB,0,242.93 W,46,251.16 W (est),1410 MHz,1215 MHz,1.3 %,16,1410 MHz,0.0 %,13.50 W (freq-based estimate),42,5 %,20 %,4
2025-10-22 15:15:59.0,workload_flan_t5_small_us-east1,NVIDIA A100-SXM4-40GB,0,100.58 W,44,251.16 W (est),1410 MHz,1215 MHz,1.3 %,16,1410 MHz,0.0 %,13.50 W (freq-based estimate),41,5 %,20 %,4
2025-10-22 15:16:00.3,workload_flan_t5_small_us-east1,NVIDIA A100-SXM4-40GB,0,100.58 W,43,251.16 W (est),1410 MHz,1215 MHz,1.3 %,16,1410 MHz,0.0 %,13.50 W (freq-based estimate),40,5 %,22 %,4
2025-10-22 15:16:01.6,workload_flan_t5_small_us-east1,NVIDIA A100-SXM4-40GB,0,86.22 W,43,251.16 W (est),1395 MHz,1215 MHz,1.3 %,16,1395 MHz,0.0 %,13.50 W (freq-based estimate),40,5 %,19 %,4
2025-10-22 15:16:02.9,workload_flan_t5_small_us-east1,NVIDIA A100-SXM4-40GB,0,223.85 W,45,251.16 W (est),1410 MHz,1215 MHz,1.3 %,16,1410 MHz,0.0 %,13.50 W (freq-based estimate),42,5 %,20 %,4
2025-10-22 15:16:04.3,workload_flan_t5_small_us-east1,NVIDIA A100-SXM4-40GB,0,102.93 W,42,251.16 W (est),1410 MHz,1215 MHz,1.3 %,16,1410 MHz,0.0 %,13.50 W (freq-based estimate),41,11 %,44 %,4
2025-10-22 15:16:05.6,workload_flan_t5_small_us-east1,NVIDIA A100-SXM4-40GB,0,102.65 W,43,251.16 W (est),1410 MHz,1215 MHz,1.3 %,16,1410 MHz,0.0 %,13.50 W (freq-based estimate),40,11 %,39 %,4
2025-10-22 15:16:06.9,workload_flan_t5_small_us-east1,NVIDIA A100-SXM4-40GB,0,229.74 W,44,251.16 W (est),1410 MHz,1215 MHz,1.3 %,16,1410 MHz,0.0 %,13.50 W (freq-based estimate),42,5 %,20 %,4
2025-10-22 15:16:08.2,workload_flan_t5_small_us-east1,NVIDIA A100-SXM4-40GB,0,101.45 W,42,251.16 W (est),1410 MHz,1215 MHz,1.3 %,16,1410 MHz,0.0 %,13.50 W (freq-based estimate),40,5 %,20 %,4
2025-10-22 15:16:09.5,workload_flan_t5_small_us-east1,NVIDIA A100-SXM4-40GB,0,103.53 W,43,251.16 W (est),1410 MHz,1215 MHz,1.3 %,16,1410 MHz,0.0 %,13.50 W (freq-based estimate),40,11 %,38 %,4
2025-10-22 15:16:10.8,workload_flan_t5_small_us-east1,NVIDIA A100-SXM4-40GB,0,97.96 W,43,251.16 W (est),1410 MHz,1215 MHz,1.3 %,16,1410 MHz,0.0 %,13.50 W (freq-based estimate),40,8 %,30 %,4
2025-10-22 15:16:12.1,workload_flan_t5_small_us-east1,NVIDIA A100-SXM4-40GB,0,96.49 W,44,251.16 W (est),1410 MHz,1215 MHz,1.3 %,16,1410 MHz,0.0 %,13.50 W (freq-based estimate),41,5 %,19 %,4
2025-10-22 15:16:13.4,workload_flan_t5_small_us-east1,NVIDIA A100-SXM4-40GB,0,99.98 W,42,251.16 W (est),1410 MHz,1215 MHz,1.3 %,16,1410 MHz,0.0 %,13.50 W (freq-based estimate),40,7 %,26 %,4
2025-10-22 15:16:14.7,workload_flan_t5_small_us-east1,NVIDIA A100-SXM4-40GB,0,97.09 W,42,251.16 W (est),1410 MHz,1215 MHz,1.3 %,16,1410 MHz,0.0 %,13.50 W (freq-based estimate),40,8 %,30 %,4
2025-10-22 15:16:16.1,workload_flan_t5_small_us-east1,NVIDIA A100-SXM4-40GB,0,104.68 W,43,251.16 W (est),1410 MHz,1215 MHz,1.3 %,16,1410 MHz,0.0 %,13.50 W (freq-based estimate),40,8 %,31 %,4
2025-10-22 15:16:17.4,workload_flan_t5_small_us-east1,NVIDIA A100-SXM4-40GB,0,101.45 W,44,251.16 W (est),1410 MHz,1215 MHz,1.3 %,16,1410 MHz,0.0 %,13.50 W (freq-based estimate),41,5 %,19 %,4
2025-10-22 15:16:18.7,workload_flan_t5_small_us-east1,NVIDIA A100-SXM4-40GB,0,99.11 W,42,251.16 W (est),1410 MHz,1215 MHz,1.3 %,16,1410 MHz,0.0 %,13.50 W (freq-based estimate),40,8 %,31 %,4
2025-10-22 15:16:20.0,workload_flan_t5_small_us-east1,NVIDIA A100-SXM4-40GB,0,87.37 W,42,251.16 W (est),1365 MHz,1215 MHz,1.3 %,16,1365 MHz,0.0 %,13.50 W (freq-based estimate),40,11 %,45 %,4
2025-10-22 15:16:21.3,workload_flan_t5_small_us-east1,NVIDIA A100-SXM4-40GB,0,100.91 W,42,251.16 W (est),1410 MHz,1215 MHz,1.3 %,16,1410 MHz,0.0 %,13.50 W (freq-based estimate),40,5 %,20 %,4
2025-10-22 15:16:22.6,workload_flan_t5_small_us-east1,NVIDIA A100-SXM4-40GB,0,90.05 W,42,251.16 W (est),1410 MHz,1215 MHz,1.3 %,16,1410 MHz,0.0 %,13.50 W (freq-based estimate),40,5 %,19 %,4
2025-10-22 15:16:23.9,workload_flan_t5_small_us-east1,NVIDIA A100-SXM4-40GB,0,96.22 W,42,251.16 W (est),1410 MHz,1215 MHz,1.3 %,16,1410 MHz,0.0 %,13.50 W (freq-based estimate),40,11 %,41 %,4
2025-10-22 15:16:25.2,workload_flan_t5_small_us-east1,NVIDIA A100-SXM4-40GB,0,92.07 W,43,251.16 W (est),1410 MHz,1215 MHz,1.3 %,16,1410 MHz,0.0 %,13.50 W (freq-based estimate),40,5 %,19 %,4
2025-10-22 15:16:26.5,workload_flan_t5_small_us-east1,NVIDIA A100-SXM4-40GB,0,92.07 W,43,251.16 W (est),1410 MHz,1215 MHz,1.3 %,16,1410 MHz,0.0 %,13.50 W (freq-based estimate),41,5 %,20 %,4
2025-10-22 15:16:27.9,workload_flan_t5_small_us-east1,NVIDIA A100-SXM4-40GB,0,96.76 W,42,251.16 W (est),1410 MHz,1215 MHz,1.3 %,16,1410 MHz,0.0 %,13.50 W (freq-based estimate),40,11 %,41 %,4
2025-10-22 15:16:29.2,workload_flan_t5_small_us-east1,NVIDIA A100-SXM4-40GB,0,97.96 W,42,251.16 W (est),1410 MHz,1215 MHz,1.3 %,16,1410 MHz,0.0 %,13.50 W (freq-based estimate),40,11 %,40 %,4
2025-10-22 15:16:30.5,workload_flan_t5_small_us-east1,NVIDIA A100-SXM4-40GB,0,149.71 W,44,251.16 W (est),1410 MHz,1215 MHz,1.3 %,16,1410 MHz,0.0 %,13.50 W (freq-based estimate),41,5 %,20 %,4
2025-10-22 15:16:31.8,workload_flan_t5_small_us-east1,NVIDIA A100-SXM4-40GB,0,99.11 W,42,251.16 W (est),1410 MHz,1215 MHz,1.3 %,16,1410 MHz,0.0 %,13.50 W (freq-based estimate),40,5 %,20 %,4
2025-10-22 15:16:33.1,workload_flan_t5_small_us-east1,NVIDIA A100-SXM4-40GB,0,96.22 W,42,251.16 W (est),1410 MHz,1215 MHz,1.3 %,16,1410 MHz,0.0 %,13.50 W (freq-based estimate),40,10 %,36 %,4
2025-10-22 15:16:34.4,workload_flan_t5_small_us-east1,NVIDIA A100-SXM4-40GB,0,97.36 W,42,251.16 W (est),1410 MHz,1215 MHz,1.3 %,16,1410 MHz,0.0 %,13.50 W (freq-based estimate),39,8 %,31 %,4
2025-10-22 15:16:35.7,workload_flan_t5_small_us-east1,NVIDIA A100-SXM4-40GB,0,225.65 W,43,251.16 W (est),1410 MHz,1215 MHz,1.3 %,16,1410 MHz,0.0 %,13.50 W (freq-based estimate),40,5 %,20 %,4
2025-10-22 15:16:37.0,workload_flan_t5_small_us-east1,NVIDIA A100-SXM4-40GB,0,100.31 W,41,251.16 W (est),1410 MHz,1215 MHz,1.3 %,16,1410 MHz,0.0 %,13.50 W (freq-based estimate),39,8 %,30 %,4
2025-10-22 15:16:38.3,workload_flan_t5_small_us-east1,NVIDIA A100-SXM4-40GB,0,98.84 W,42,251.16 W (est),1410 MHz,1215 MHz,1.3 %,16,1410 MHz,0.0 %,13.50 W (freq-based estimate),39,10 %,37 %,4
2025-10-22 15:16:39.7,workload_flan_t5_small_us-east1,NVIDIA A100-SXM4-40GB,0,93.54 W,42,250.83 W (est),1410 MHz,1215 MHz,1.1 %,16,1410 MHz,0.0 %,13.50 W (freq-based estimate),39,5 %,20 %,4
2025-10-22 15:16:41.2,workload_flan_t5_small_us-east1,NVIDIA A100-SXM4-40GB,0,63.70 W,39,250.83 W (est),1095 MHz,1215 MHz,1.1 %,16,1095 MHz,0.0 %,13.50 W (freq-based estimate),38,0 %,0 %,4
2025-10-22 15:16:43.3,workload_flan_t5_small_us-east1,NVIDIA A100-SXM4-40GB,0,63.64 W,39,250.99 W (est),1095 MHz,1215 MHz,1.2 %,16,1095 MHz,0.0 %,13.50 W (freq-based estimate),37,0 %,5 %,4
2025-10-22 15:16:44.7,workload_flan_t5_small_us-east1,NVIDIA A100-SXM4-40GB,0,63.64 W,39,250.99 W (est),1095 MHz,1215 MHz,1.2 %,16,1095 MHz,0.0 %,13.50 W (freq-based estimate),39,0 %,3 %,4
2025-10-22 15:16:46.0,workload_flan_t5_small_us-east1,NVIDIA A100-SXM4-40GB,0,189.02 W,47,250.83 W (est),1410 MHz,1215 MHz,1.1 %,16,1410 MHz,0.0 %,13.50 W (freq-based estimate),41,25 %,80 %,4
2025-10-22 15:16:47.3,workload_flan_t5_small_us-east1,NVIDIA A100-SXM4-40GB,0,221.51 W,49,250.83 W (est),1410 MHz,1215 MHz,1.1 %,16,1410 MHz,0.0 %,13.50 W (freq-based estimate),44,22 %,77 %,4
2025-10-22 15:16:48.6,workload_flan_t5_small_us-east1,NVIDIA A100-SXM4-40GB,0,178.35 W,49,250.83 W (est),1410 MHz,1215 MHz,1.1 %,16,1410 MHz,0.0 %,13.50 W (freq-based estimate),44,21 %,69 %,4
2025-10-22 15:16:49.9,workload_flan_t5_small_us-east1,NVIDIA A100-SXM4-40GB,0,251.71 W,48,250.83 W (est),1410 MHz,1215 MHz,1.1 %,16,1410 MHz,0.0 %,13.50 W (freq-based estimate),44,22 %,78 %,4
2025-10-22 15:16:51.2,workload_flan_t5_small_us-east1,NVIDIA A100-SXM4-40GB,0,202.48 W,49,250.83 W (est),1410 MHz,1215 MHz,1.1 %,16,1410 MHz,0.0 %,13.50 W (freq-based estimate),45,23 %,80 %,4
2025-10-22 15:16:52.5,workload_flan_t5_small_us-east1,NVIDIA A100-SXM4-40GB,0,189.48 W,50,250.83 W (est),1410 MHz,1215 MHz,1.1 %,16,1410 MHz,0.0 %,13.50 W (freq-based estimate),45,23 %,73 %,4
2025-10-22 15:16:53.8,workload_flan_t5_small_us-east1,NVIDIA A100-SXM4-40GB,0,229.74 W,50,250.83 W (est),1410 MHz,1215 MHz,1.1 %,16,1410 MHz,0.0 %,13.50 W (freq-based estimate),45,24 %,76 %,4
2025-10-22 15:16:55.2,workload_flan_t5_small_us-east1,NVIDIA A100-SXM4-40GB,0,224.68 W,51,250.83 W (est),1410 MHz,1215 MHz,1.1 %,16,1410 MHz,0.0 %,13.50 W (freq-based estimate),45,25 %,76 %,4
2025-10-22 15:16:56.5,workload_flan_t5_small_us-east1,NVIDIA A100-SXM4-40GB,0,232.68 W,51,250.83 W (est),1410 MHz,1215 MHz,1.1 %,16,1410 MHz,0.0 %,13.50 W (freq-based estimate),46,24 %,76 %,4
2025-10-22 15:16:57.8,workload_flan_t5_small_us-east1,NVIDIA A100-SXM4-40GB,0,235.30 W,51,250.83 W (est),1410 MHz,1215 MHz,1.1 %,16,1410 MHz,0.0 %,13.50 W (freq-based estimate),46,26 %,80 %,4
2025-10-22 15:16:59.1,workload_flan_t5_small_us-east1,NVIDIA A100-SXM4-40GB,0,239.99 W,51,250.83 W (est),1410 MHz,1215 MHz,1.1 %,16,1410 MHz,0.0 %,13.50 W (freq-based estimate),47,26 %,79 %,4
2025-10-22 15:17:00.4,workload_flan_t5_small_us-east1,NVIDIA A100-SXM4-40GB,0,207.77 W,52,250.83 W (est),1410 MHz,1215 MHz,1.1 %,16,1410 MHz,0.0 %,13.50 W (freq-based estimate),47,25 %,80 %,4
2025-10-22 15:17:01.7,workload_flan_t5_small_us-east1,NVIDIA A100-SXM4-40GB,0,246.75 W,52,250.83 W (est),1410 MHz,1215 MHz,1.1 %,16,1410 MHz,0.0 %,13.50 W (freq-based estimate),47,24 %,78 %,4
2025-10-22 15:17:03.0,workload_flan_t5_small_us-east1,NVIDIA A100-SXM4-40GB,0,203.35 W,51,250.83 W (est),1410 MHz,1215 MHz,1.1 %,16,1410 MHz,0.0 %,13.50 W (freq-based estimate),46,23 %,73 %,4
2025-10-22 15:17:04.3,workload_flan_t5_small_us-east1,NVIDIA A100-SXM4-40GB,0,202.48 W,52,250.83 W (est),1410 MHz,1215 MHz,1.1 %,16,1410 MHz,0.0 %,13.50 W (freq-based estimate),47,22 %,73 %,4
2025-10-22 15:17:05.6,workload_flan_t5_small_us-east1,NVIDIA A100-SXM4-40GB,0,236.17 W,52,250.83 W (est),1410 MHz,1215 MHz,1.1 %,16,1410 MHz,0.0 %,13.50 W (freq-based estimate),47,22 %,73 %,4
2025-10-22 15:17:06.9,workload_flan_t5_small_us-east1,NVIDIA A100-SXM4-40GB,0,208.91 W,51,250.83 W (est),1410 MHz,1215 MHz,1.1 %,16,1410 MHz,0.0 %,13.50 W (freq-based estimate),47,22 %,76 %,4
2025-10-22 15:17:08.3,workload_flan_t5_small_us-east1,NVIDIA A100-SXM4-40GB,0,250.84 W,52,250.83 W (est),1410 MHz,1215 MHz,1.1 %,16,1410 MHz,0.0 %,13.50 W (freq-based estimate),47,21 %,73 %,4
2025-10-22 15:17:09.6,workload_flan_t5_small_us-east1,NVIDIA A100-SXM4-40GB,0,181.65 W,52,250.83 W (est),1410 MHz,1215 MHz,1.1 %,16,1410 MHz,0.0 %,13.50 W (freq-based estimate),48,23 %,77 %,4
2025-10-22 15:17:10.9,workload_flan_t5_small_us-east1,NVIDIA A100-SXM4-40GB,0,247.89 W,52,250.83 W (est),1410 MHz,1215 MHz,1.1 %,16,1410 MHz,0.0 %,13.50 W (freq-based estimate),46,21 %,74 %,4
2025-10-22 15:17:12.2,workload_flan_t5_small_us-east1,NVIDIA A100-SXM4-40GB,0,266.38 W,52,250.83 W (est),1410 MHz,1215 MHz,1.1 %,16,1410 MHz,0.0 %,13.50 W (freq-based estimate),47,25 %,79 %,4
2025-10-22 15:17:13.5,workload_flan_t5_small_us-east1,NVIDIA A100-SXM4-40GB,0,264.03 W,51,250.83 W (est),1410 MHz,1215 MHz,1.1 %,16,1410 MHz,0.0 %,13.50 W (freq-based estimate),47,21 %,64 %,4
2025-10-22 15:17:14.8,workload_flan_t5_small_us-east1,NVIDIA A100-SXM4-40GB,0,180.09 W,52,250.83 W (est),1410 MHz,1215 MHz,1.1 %,16,1410 MHz,0.0 %,13.50 W (freq-based estimate),46,22 %,76 %,4
2025-10-22 15:17:16.2,workload_flan_t5_small_us-east1,NVIDIA A100-SXM4-40GB,0,197.13 W,52,250.83 W (est),1410 MHz,1215 MHz,1.1 %,16,1410 MHz,0.0 %,13.50 W (freq-based estimate),47,25 %,76 %,4
2025-10-22 15:17:17.5,workload_flan_t5_small_us-east1,NVIDIA A100-SXM4-40GB,0,222.38 W,52,250.83 W (est),1410 MHz,1215 MHz,1.1 %,16,1410 MHz,0.0 %,13.50 W (freq-based estimate),47,23 %,78 %,4
2025-10-22 15:17:18.8,workload_flan_t5_small_us-east1,NVIDIA A100-SXM4-40GB,0,184.87 W,53,250.83 W (est),1410 MHz,1215 MHz,1.1 %,16,1410 MHz,0.0 %,13.50 W (freq-based estimate),49,24 %,74 %,4
2025-10-22 15:17:20.1,workload_flan_t5_small_us-east1,NVIDIA A100-SXM4-40GB,0,209.19 W,52,250.83 W (est),1410 MHz,1215 MHz,1.1 %,16,1410 MHz,0.0 %,13.50 W (freq-based estimate),47,24 %,76 %,4
2025-10-22 15:17:21.4,workload_flan_t5_small_us-east1,NVIDIA A100-SXM4-40GB,0,254.06 W,52,250.83 W (est),1410 MHz,1215 MHz,1.1 %,16,1410 MHz,0.0 %,13.50 W (freq-based estimate),48,23 %,72 %,4
2025-10-22 15:17:22.7,workload_flan_t5_small_us-east1,NVIDIA A100-SXM4-40GB,0,262.56 W,52,250.83 W (est),1410 MHz,1215 MHz,1.1 %,16,1410 MHz,0.0 %,13.50 W (freq-based estimate),47,23 %,73 %,4
2025-10-22 15:17:24.0,workload_flan_t5_small_us-east1,NVIDIA A100-SXM4-40GB,0,237.37 W,53,250.83 W (est),1410 MHz,1215 MHz,1.1 %,16,1410 MHz,0.0 %,13.50 W (freq-based estimate),48,25 %,75 %,4
2025-10-22 15:17:25.3,workload_flan_t5_small_us-east1,NVIDIA A100-SXM4-40GB,0,215.07 W,53,250.83 W (est),1410 MHz,1215 MHz,1.1 %,16,1410 MHz,0.0 %,13.50 W (freq-based estimate),48,20 %,72 %,4
2025-10-22 15:17:26.6,workload_flan_t5_small_us-east1,NVIDIA A100-SXM4-40GB,0,181.84 W,52,250.83 W (est),1410 MHz,1215 MHz,1.1 %,16,1410 MHz,0.0 %,13.50 W (freq-based estimate),47,24 %,73 %,4
2025-10-22 15:17:27.9,workload_flan_t5_small_us-east1,NVIDIA A100-SXM4-40GB,0,220.59 W,53,250.83 W (est),1410 MHz,1215 MHz,1.1 %,16,1410 MHz,0.0 %,13.50 W (freq-based estimate),48,22 %,70 %,4
2025-10-22 15:17:29.2,workload_flan_t5_small_us-east1,NVIDIA A100-SXM4-40GB,0,223.85 W,53,250.83 W (est),1410 MHz,1215 MHz,1.1 %,16,1410 MHz,0.0 %,13.50 W (freq-based estimate),48,22 %,77 %,4
2025-10-22 15:17:30.6,workload_flan_t5_small_us-east1,NVIDIA A100-SXM4-40GB,0,225.32 W,54,250.83 W (est),1410 MHz,1215 MHz,1.1 %,16,1410 MHz,0.0 %,13.50 W (freq-based estimate),49,23 %,76 %,4
2025-10-22 15:17:31.9,workload_flan_t5_small_us-east1,NVIDIA A100-SXM4-40GB,0,205.10 W,53,250.83 W (est),1410 MHz,1215 MHz,1.1 %,16,1410 MHz,0.0 %,13.50 W (freq-based estimate),48,23 %,75 %,4
2025-10-22 15:17:33.2,workload_flan_t5_small_us-east1,NVIDIA A100-SXM4-40GB,0,178.17 W,53,250.83 W (est),1410 MHz,1215 MHz,1.1 %,16,1410 MHz,0.0 %,13.50 W (freq-based estimate),48,24 %,75 %,4
2025-10-22 15:17:34.5,workload_flan_t5_small_us-east1,NVIDIA A100-SXM4-40GB,0,208.91 W,53,250.83 W (est),1410 MHz,1215 MHz,1.1 %,16,1410 MHz,0.0 %,13.50 W (freq-based estimate),48,23 %,76 %,4
2025-10-22 15:17:35.8,workload_flan_t5_small_us-east1,NVIDIA A100-SXM4-40GB,0,193.10 W,53,250.83 W (est),1410 MHz,1215 MHz,1.1 %,16,1410 MHz,0.0 %,13.50 W (freq-based estimate),48,24 %,74 %,4
2025-10-22 15:17:37.1,workload_flan_t5_small_us-east1,NVIDIA A100-SXM4-40GB,0,256.12 W,53,250.83 W (est),1410 MHz,1215 MHz,1.1 %,16,1410 MHz,0.0 %,13.50 W (freq-based estimate),48,25 %,75 %,4
2025-10-22 15:17:38.4,workload_flan_t5_small_us-east1,NVIDIA A100-SXM4-40GB,0,207.17 W,53,250.83 W (est),1410 MHz,1215 MHz,1.1 %,16,1410 MHz,0.0 %,13.50 W (freq-based estimate),48,22 %,77 %,4
2025-10-22 15:17:39.7,workload_flan_t5_small_us-east1,NVIDIA A100-SXM4-40GB,0,173.75 W,53,250.83 W (est),1410 MHz,1215 MHz,1.1 %,16,1410 MHz,0.0 %,13.50 W (freq-based estimate),48,22 %,77 %,4
2025-10-22 15:17:41.0,workload_flan_t5_small_us-east1,NVIDIA A100-SXM4-40GB,0,214.20 W,53,250.83 W (est),1410 MHz,1215 MHz,1.1 %,16,1410 MHz,0.0 %,13.50 W (freq-based estimate),48,22 %,78 %,4
2025-10-22 15:17:42.3,workload_flan_t5_small_us-east1,NVIDIA A100-SXM4-40GB,0,184.19 W,54,250.83 W (est),1410 MHz,1215 MHz,1.1 %,16,1410 MHz,0.0 %,13.50 W (freq-based estimate),49,23 %,75 %,4
2025-10-22 15:17:43.7,workload_flan_t5_small_us-east1,NVIDIA A100-SXM4-40GB,0,206.30 W,53,250.83 W (est),1410 MHz,1215 MHz,1.1 %,16,1410 MHz,0.0 %,13.50 W (freq-based estimate),48,25 %,77 %,4
2025-10-22 15:17:45.0,workload_flan_t5_small_us-east1,NVIDIA A100-SXM4-40GB,0,230.01 W,53,250.83 W (est),1410 MHz,1215 MHz,1.1 %,16,1410 MHz,0.0 %,13.50 W (freq-based estimate),48,25 %,78 %,4
2025-10-22 15:17:46.3,workload_flan_t5_small_us-east1,NVIDIA A100-SXM4-40GB,0,144.89 W,47,251.16 W (est),1410 MHz,1215 MHz,1.3 %,16,1410 MHz,0.0 %,13.50 W (freq-based estimate),44,0 %,1 %,4
2025-10-22 15:17:47.6,workload_flan_t5_small_us-east1,NVIDIA A100-SXM4-40GB,0,102.06 W,46,251.16 W (est),1410 MHz,1215 MHz,1.3 %,16,1410 MHz,0.0 %,13.50 W (freq-based estimate),43,11 %,40 %,4
2025-10-22 15:17:49.0,workload_flan_t5_small_us-east1,NVIDIA A100-SXM4-40GB,0,100.58 W,46,251.16 W (est),1410 MHz,1215 MHz,1.3 %,16,1410 MHz,0.0 %,13.50 W (freq-based estimate),44,11 %,40 %,4
2025-10-22 15:17:50.3,workload_flan_t5_small_us-east1,NVIDIA A100-SXM4-40GB,0,258.74 W,47,251.16 W (est),1410 MHz,1215 MHz,1.3 %,16,1410 MHz,0.0 %,13.50 W (freq-based estimate),43,5 %,20 %,4
2025-10-22 15:17:51.6,workload_flan_t5_small_us-east1,NVIDIA A100-SXM4-40GB,0,100.58 W,45,251.16 W (est),1410 MHz,1215 MHz,1.3 %,16,1410 MHz,0.0 %,13.50 W (freq-based estimate),43,5 %,20 %,4
2025-10-22 15:17:52.9,workload_flan_t5_small_us-east1,NVIDIA A100-SXM4-40GB,0,100.31 W,45,251.16 W (est),1410 MHz,1215 MHz,1.3 %,16,1410 MHz,0.0 %,13.50 W (freq-based estimate),42,11 %,40 %,4
2025-10-22 15:17:54.2,workload_flan_t5_small_us-east1,NVIDIA A100-SXM4-40GB,0,105.27 W,45,251.16 W (est),1410 MHz,1215 MHz,1.3 %,16,1410 MHz,0.0 %,13.50 W (freq-based estimate),43,10 %,35 %,4
2025-10-22 15:17:55.5,workload_flan_t5_small_us-east1,NVIDIA A100-SXM4-40GB,0,100.91 W,44,251.16 W (est),1410 MHz,1215 MHz,1.3 %,16,1410 MHz,0.0 %,13.50 W (freq-based estimate),42,5 %,20 %,4
2025-10-22 15:17:56.8,workload_flan_t5_small_us-east1,NVIDIA A100-SXM4-40GB,0,98.84 W,44,251.16 W (est),1380 MHz,1215 MHz,1.3 %,16,1380 MHz,0.0 %,13.50 W (freq-based estimate),42,11 %,44 %,4
2025-10-22 15:17:58.1,workload_flan_t5_small_us-east1,NVIDIA A100-SXM4-40GB,0,98.23 W,44,251.16 W (est),1410 MHz,1215 MHz,1.3 %,16,1410 MHz,0.0 %,13.50 W (freq-based estimate),42,11 %,40 %,4
2025-10-22 15:17:59.4,workload_flan_t5_small_us-east1,NVIDIA A100-SXM4-40GB,0,101.45 W,46,251.16 W (est),1410 MHz,1215 MHz,1.3 %,16,1410 MHz,0.0 %,13.50 W (freq-based estimate),42,5 %,19 %,4
2025-10-22 15:18:00.7,workload_flan_t5_small_us-east1,NVIDIA A100-SXM4-40GB,0,98.84 W,44,251.16 W (est),1410 MHz,1215 MHz,1.3 %,16,1410 MHz,0.0 %,13.50 W (freq-based estimate),41,5 %,20 %,4
2025-10-22 15:18:02.1,workload_flan_t5_small_us-east1,NVIDIA A100-SXM4-40GB,0,98.56 W,44,251.16 W (est),1410 MHz,1215 MHz,1.3 %,16,1410 MHz,0.0 %,13.50 W (freq-based estimate),42,11 %,40 %,4
2025-10-22 15:18:03.4,workload_flan_t5_small_us-east1,NVIDIA A100-SXM4-40GB,0,246.42 W,45,251.16 W (est),1410 MHz,1215 MHz,1.3 %,16,1410 MHz,0.0 %,13.50 W (freq-based estimate),42,10 %,35 %,4
2025-10-22 15:18:04.7,workload_flan_t5_small_us-east1,NVIDIA A100-SXM4-40GB,0,101.78 W,43,251.16 W (est),1410 MHz,1215 MHz,1.3 %,16,1410 MHz,0.0 %,13.50 W (freq-based estimate),41,5 %,19 %,4
2025-10-22 15:18:06.0,workload_flan_t5_small_us-east1,NVIDIA A100-SXM4-40GB,0,99.71 W,44,251.16 W (est),1410 MHz,1215 MHz,1.3 %,16,1410 MHz,0.0 %,13.50 W (freq-based estimate),41,9 %,35 %,4
2025-10-22 15:18:07.3,workload_flan_t5_small_us-east1,NVIDIA A100-SXM4-40GB,0,198.66 W,45,251.16 W (est),1410 MHz,1215 MHz,1.3 %,16,1410 MHz,0.0 %,13.50 W (freq-based estimate),41,5 %,20 %,4
2025-10-22 15:18:08.6,workload_flan_t5_small_us-east1,NVIDIA A100-SXM4-40GB,0,95.29 W,43,251.16 W (est),1410 MHz,1215 MHz,1.3 %,16,1410 MHz,0.0 %,13.50 W (freq-based estimate),41,5 %,20 %,4
2025-10-22 15:18:09.9,workload_flan_t5_small_us-east1,NVIDIA A100-SXM4-40GB,0,94.41 W,43,251.16 W (est),1395 MHz,1215 MHz,1.3 %,16,1395 MHz,0.0 %,13.50 W (freq-based estimate),41,11 %,45 %,4
2025-10-22 15:18:11.2,workload_flan_t5_small_us-east1,NVIDIA A100-SXM4-40GB,0,99.11 W,43,251.16 W (est),1410 MHz,1215 MHz,1.3 %,16,1410 MHz,0.0 %,13.50 W (freq-based estimate),41,11 %,41 %,4
2025-10-22 15:18:12.5,workload_flan_t5_small_us-east1,NVIDIA A100-SXM4-40GB,0,102.06 W,43,251.16 W (est),1410 MHz,1215 MHz,1.3 %,16,1410 MHz,0.0 %,13.50 W (freq-based estimate),41,11 %,41 %,4
2025-10-22 15:18:13.8,workload_flan_t5_small_us-east1,NVIDIA A100-SXM4-40GB,0,220.63 W,45,251.16 W (est),1410 MHz,1215 MHz,1.3 %,16,1410 MHz,0.0 %,13.50 W (freq-based estimate),41,5 %,19 %,4
2025-10-22 15:18:15.2,workload_flan_t5_small_us-east1,NVIDIA A100-SXM4-40GB,0,99.43 W,42,251.16 W (est),1410 MHz,1215 MHz,1.3 %,16,1410 MHz,0.0 %,13.50 W (freq-based estimate),40,5 %,20 %,4
2025-10-22 15:18:16.5,workload_flan_t5_small_us-east1,NVIDIA A100-SXM4-40GB,0,99.98 W,43,251.16 W (est),1410 MHz,1215 MHz,1.3 %,16,1410 MHz,0.0 %,13.50 W (freq-based estimate),40,11 %,40 %,4
2025-10-22 15:18:17.8,workload_flan_t5_small_us-east1,NVIDIA A100-SXM4-40GB,0,90.59 W,45,251.16 W (est),1380 MHz,1215 MHz,1.3 %,16,1380 MHz,0.0 %,13.50 W (freq-based estimate),41,5 %,20 %,4
2025-10-22 15:18:19.1,workload_flan_t5_small_us-east1,NVIDIA A100-SXM4-40GB,0,98.84 W,42,251.16 W (est),1410 MHz,1215 MHz,1.3 %,16,1410 MHz,0.0 %,13.50 W (freq-based estimate),40,11 %,41 %,4
2025-10-22 15:18:20.4,workload_flan_t5_small_us-east1,NVIDIA A100-SXM4-40GB,0,101.78 W,42,251.16 W (est),1410 MHz,1215 MHz,1.3 %,16,1410 MHz,0.0 %,13.50 W (freq-based estimate),40,11 %,41 %,4
2025-10-22 15:18:21.7,workload_flan_t5_small_us-east1,NVIDIA A100-SXM4-40GB,0,117.33 W,43,251.16 W (est),1410 MHz,1215 MHz,1.3 %,16,1410 MHz,0.0 %,13.50 W (freq-based estimate),40,5 %,20 %,4
2025-10-22 15:18:23.0,workload_flan_t5_small_us-east1,NVIDIA A100-SXM4-40GB,0,95.29 W,44,251.16 W (est),1410 MHz,1215 MHz,1.3 %,16,1410 MHz,0.0 %,13.50 W (freq-based estimate),41,5 %,20 %,4
2025-10-22 15:18:24.3,workload_flan_t5_small_us-east1,NVIDIA A100-SXM4-40GB,0,97.09 W,42,251.16 W (est),1410 MHz,1215 MHz,1.3 %,16,1410 MHz,0.0 %,13.50 W (freq-based estimate),40,5 %,20 %,4
2025-10-22 15:18:25.6,workload_flan_t5_small_us-east1,NVIDIA A100-SXM4-40GB,0,95.29 W,42,251.16 W (est),1410 MHz,1215 MHz,1.3 %,16,1410 MHz,0.0 %,13.50 W (freq-based estimate),40,11 %,41 %,4
2025-10-22 15:18:26.9,workload_flan_t5_small_us-east1,NVIDIA A100-SXM4-40GB,0,101.45 W,43,251.16 W (est),1410 MHz,1215 MHz,1.3 %,16,1410 MHz,0.0 %,13.50 W (freq-based estimate),40,11 %,40 %,4
2025-10-22 15:18:28.3,workload_flan_t5_small_us-east1,NVIDIA A100-SXM4-40GB,0,235.90 W,45,251.16 W (est),1410 MHz,1215 MHz,1.3 %,16,1410 MHz,0.0 %,13.50 W (freq-based estimate),41,5 %,21 %,4
2025-10-22 15:18:29.6,workload_flan_t5_small_us-east1,NVIDIA A100-SXM4-40GB,0,99.98 W,42,251.16 W (est),1410 MHz,1215 MHz,1.3 %,16,1410 MHz,0.0 %,13.50 W (freq-based estimate),40,5 %,20 %,4
2025-10-22 15:18:30.9,workload_flan_t5_small_us-east1,NVIDIA A100-SXM4-40GB,0,96.76 W,42,251.16 W (est),1410 MHz,1215 MHz,1.3 %,16,1410 MHz,0.0 %,13.50 W (freq-based estimate),40,11 %,37 %,4
2025-10-22 15:18:32.2,workload_flan_t5_small_us-east1,NVIDIA A100-SXM4-40GB,0,99.98 W,43,251.16 W (est),1410 MHz,1215 MHz,1.3 %,16,1410 MHz,0.0 %,13.50 W (freq-based estimate),40,10 %,36 %,4
2025-10-22 15:18:33.5,workload_flan_t5_small_us-east1,NVIDIA A100-SXM4-40GB,0,223.85 W,44,251.16 W (est),1410 MHz,1215 MHz,1.3 %,16,1410 MHz,0.0 %,13.50 W (freq-based estimate),41,5 %,20 %,4
2025-10-22 15:18:34.8,workload_flan_t5_small_us-east1,NVIDIA A100-SXM4-40GB,0,100.58 W,42,251.16 W (est),1410 MHz,1215 MHz,1.3 %,16,1410 MHz,0.0 %,13.50 W (freq-based estimate),40,5 %,20 %,4
2025-10-22 15:18:36.1,workload_flan_t5_small_us-east1,NVIDIA A100-SXM4-40GB,0,95.88 W,42,251.16 W (est),1410 MHz,1215 MHz,1.3 %,16,1410 MHz,0.0 %,13.50 W (freq-based estimate),40,11 %,41 %,4
2025-10-22 15:18:37.4,workload_flan_t5_small_us-east1,NVIDIA A100-SXM4-40GB,0,98.23 W,42,251.16 W (est),1410 MHz,1215 MHz,1.3 %,16,1410 MHz,0.0 %,13.50 W (freq-based estimate),40,11 %,37 %,4
2025-10-22 15:18:38.7,workload_flan_t5_small_us-east1,NVIDIA A100-SXM4-40GB,0,234.10 W,44,251.16 W (est),1410 MHz,1215 MHz,1.3 %,16,1410 MHz,0.0 %,13.50 W (freq-based estimate),40,8 %,27 %,4
2025-10-22 15:18:40.0,workload_flan_t5_small_us-east1,NVIDIA A100-SXM4-40GB,0,94.41 W,42,251.16 W (est),1410 MHz,1215 MHz,1.3 %,16,1410 MHz,0.0 %,13.50 W (freq-based estimate),40,5 %,20 %,4
2025-10-22 15:18:41.4,workload_flan_t5_small_us-east1,NVIDIA A100-SXM4-40GB,0,95.88 W,42,251.16 W (est),1410 MHz,1215 MHz,1.3 %,16,1410 MHz,0.0 %,13.50 W (freq-based estimate),40,5 %,20 %,4
2025-10-22 15:18:42.7,workload_flan_t5_small_us-east1,NVIDIA A100-SXM4-40GB,0,101.18 W,42,251.16 W (est),1410 MHz,1215 MHz,1.3 %,16,1410 MHz,0.0 %,13.50 W (freq-based estimate),40,11 %,41 %,4
2025-10-22 15:18:44.0,workload_flan_t5_small_us-east1,NVIDIA A100-SXM4-40GB,0,223.58 W,43,251.16 W (est),1410 MHz,1215 MHz,1.3 %,16,1410 MHz,0.0 %,13.50 W (freq-based estimate),40,11 %,38 %,4
2025-10-22 15:18:45.3,workload_flan_t5_small_us-east1,NVIDIA A100-SXM4-40GB,0,97.96 W,42,251.16 W (est),1410 MHz,1215 MHz,1.3 %,16,1410 MHz,0.0 %,13.50 W (freq-based estimate),40,5 %,20 %,4
2025-10-22 15:18:46.6,workload_flan_t5_small_us-east1,NVIDIA A100-SXM4-40GB,0,98.84 W,42,251.16 W (est),1410 MHz,1215 MHz,1.3 %,16,1410 MHz,0.0 %,13.50 W (freq-based estimate),40,5 %,20 %,4
2025-10-22 15:18:47.9,workload_flan_t5_small_us-east1,NVIDIA A100-SXM4-40GB,0,96.49 W,42,251.16 W (est),1410 MHz,1215 MHz,1.3 %,16,1410 MHz,0.0 %,13.50 W (freq-based estimate),40,8 %,30 %,4
2025-10-22 15:18:49.2,workload_flan_t5_small_us-east1,NVIDIA A100-SXM4-40GB,0,96.76 W,41,251.16 W (est),1410 MHz,1215 MHz,1.3 %,16,1410 MHz,0.0 %,13.50 W (freq-based estimate),40,5 %,18 %,4
2025-10-22 15:18:50.5,workload_flan_t5_small_us-east1,NVIDIA A100-SXM4-40GB,0,91.19 W,41,251.16 W (est),1410 MHz,1215 MHz,1.3 %,16,1410 MHz,0.0 %,13.50 W (freq-based estimate),39,5 %,19 %,4
2025-10-22 15:18:51.8,workload_flan_t5_small_us-east1,NVIDIA A100-SXM4-40GB,0,91.19 W,42,251.16 W (est),1410 MHz,1215 MHz,1.3 %,16,1410 MHz,0.0 %,13.50 W (freq-based estimate),39,8 %,32 %,4
2025-10-22 15:18:53.2,workload_flan_t5_small_us-east1,NVIDIA A100-SXM4-40GB,0,95.29 W,42,251.16 W (est),1410 MHz,1215 MHz,1.3 %,16,1410 MHz,0.0 %,13.50 W (freq-based estimate),40,11 %,40 %,4
2025-10-22 15:18:54.5,workload_flan_t5_small_us-east1,NVIDIA A100-SXM4-40GB,0,94.04 W,42,250.83 W (est),1410 MHz,1215 MHz,1.1 %,16,1410 MHz,0.0 %,13.50 W (freq-based estimate),39,4 %,19 %,4
2025-10-22 15:18:56.0,workload_flan_t5_small_us-east1,NVIDIA A100-SXM4-40GB,0,64.23 W,39,250.83 W (est),1095 MHz,1215 MHz,1.1 %,16,1095 MHz,0.0 %,13.50 W (freq-based estimate),38,0 %,0 %,4
2025-10-22 15:18:57.8,workload_flan_t5_small_us-east1,NVIDIA A100-SXM4-40GB,0,63.70 W,39,250.99 W (est),1095 MHz,1215 MHz,1.2 %,16,1095 MHz,0.0 %,13.50 W (freq-based estimate),38,0 %,3 %,4
2025-10-22 15:18:59.1,workload_flan_t5_small_us-east1,NVIDIA A100-SXM4-40GB,0,135.51 W,40,250.83 W (est),1095 MHz,1215 MHz,1.1 %,16,1095 MHz,0.0 %,13.50 W (freq-based estimate),39,0 %,4 %,4
2025-10-22 15:19:00.4,workload_flan_t5_small_us-east1,NVIDIA A100-SXM4-40GB,0,254.33 W,47,250.83 W (est),1410 MHz,1215 MHz,1.1 %,16,1410 MHz,0.0 %,13.50 W (freq-based estimate),42,23 %,80 %,4
2025-10-22 15:19:01.7,workload_flan_t5_small_us-east1,NVIDIA A100-SXM4-40GB,0,271.33 W,49,250.83 W (est),1410 MHz,1215 MHz,1.1 %,16,1410 MHz,0.0 %,13.50 W (freq-based estimate),43,25 %,80 %,4
2025-10-22 15:19:03.0,workload_flan_t5_small_us-east1,NVIDIA A100-SXM4-40GB,0,248.16 W,49,250.83 W (est),1410 MHz,1215 MHz,1.1 %,16,1410 MHz,0.0 %,13.50 W (freq-based estimate),45,23 %,80 %,4
2025-10-22 15:19:04.3,workload_flan_t5_small_us-east1,NVIDIA A100-SXM4-40GB,0,257.54 W,50,250.83 W (est),1410 MHz,1215 MHz,1.1 %,16,1410 MHz,0.0 %,13.50 W (freq-based estimate),45,25 %,81 %,4
2025-10-22 15:19:05.6,workload_flan_t5_small_us-east1,NVIDIA A100-SXM4-40GB,0,249.37 W,51,250.83 W (est),1410 MHz,1215 MHz,1.1 %,16,1410 MHz,0.0 %,13.50 W (freq-based estimate),45,23 %,80 %,4
2025-10-22 15:19:06.9,workload_flan_t5_small_us-east1,NVIDIA A100-SXM4-40GB,0,185.39 W,51,250.83 W (est),1410 MHz,1215 MHz,1.1 %,16,1410 MHz,0.0 %,13.50 W (freq-based estimate),45,21 %,75 %,4
2025-10-22 15:19:08.2,workload_flan_t5_small_us-east1,NVIDIA A100-SXM4-40GB,0,269.59 W,52,250.83 W (est),1410 MHz,1215 MHz,1.1 %,16,1410 MHz,0.0 %,13.50 W (freq-based estimate),46,25 %,82 %,4
2025-10-22 15:19:09.5,workload_flan_t5_small_us-east1,NVIDIA A100-SXM4-40GB,0,188.41 W,51,250.83 W (est),1410 MHz,1215 MHz,1.1 %,16,1410 MHz,0.0 %,13.50 W (freq-based estimate),46,26 %,80 %,4
2025-10-22 15:19:10.9,workload_flan_t5_small_us-east1,NVIDIA A100-SXM4-40GB,0,208.91 W,51,250.83 W (est),1410 MHz,1215 MHz,1.1 %,16,1410 MHz,0.0 %,13.50 W (freq-based estimate),46,23 %,77 %,4
2025-10-22 15:19:12.2,workload_flan_t5_small_us-east1,NVIDIA A100-SXM4-40GB,0,220.63 W,52,250.83 W (est),1410 MHz,1215 MHz,1.1 %,16,1410 MHz,0.0 %,13.50 W (freq-based estimate),46,25 %,79 %,4
2025-10-22 15:19:13.5,workload_flan_t5_small_us-east1,NVIDIA A100-SXM4-40GB,0,251.44 W,52,250.83 W (est),1410 MHz,1215 MHz,1.1 %,16,1410 MHz,0.0 %,13.50 W (freq-based estimate),47,23 %,81 %,4
2025-10-22 15:19:14.8,workload_flan_t5_small_us-east1,NVIDIA A100-SXM4-40GB,0,204.50 W,51,250.83 W (est),1410 MHz,1215 MHz,1.1 %,16,1410 MHz,0.0 %,13.50 W (freq-based estimate),47,22 %,72 %,4
2025-10-22 15:19:16.1,workload_flan_t5_small_us-east1,NVIDIA A100-SXM4-40GB,0,216.22 W,52,250.83 W (est),1410 MHz,1215 MHz,1.1 %,16,1410 MHz,0.0 %,13.50 W (freq-based estimate),47,22 %,77 %,4
2025-10-22 15:19:17.4,workload_flan_t5_small_us-east1,NVIDIA A100-SXM4-40GB,0,257.00 W,52,250.83 W (est),1410 MHz,1215 MHz,1.1 %,16,1410 MHz,0.0 %,13.50 W (freq-based estimate),46,24 %,81 %,4
2025-10-22 15:19:18.7,workload_flan_t5_small_us-east1,NVIDIA A100-SXM4-40GB,0,257.87 W,52,250.83 W (est),1410 MHz,1215 MHz,1.1 %,16,1410 MHz,0.0 %,13.50 W (freq-based estimate),46,24 %,80 %,4
2025-10-22 15:19:20.0,workload_flan_t5_small_us-east1,NVIDIA A100-SXM4-40GB,0,266.38 W,52,250.83 W (est),1410 MHz,1215 MHz,1.1 %,16,1410 MHz,0.0 %,13.50 W (freq-based estimate),47,23 %,81 %,4
2025-10-22 15:19:21.3,workload_flan_t5_small_us-east1,NVIDIA A100-SXM4-40GB,0,262.56 W,53,250.83 W (est),1410 MHz,1215 MHz,1.1 %,16,1410 MHz,0.0 %,13.50 W (freq-based estimate),48,23 %,78 %,4
2025-10-22 15:19:22.6,workload_flan_t5_small_us-east1,NVIDIA A100-SXM4-40GB,0,251.98 W,52,250.83 W (est),1410 MHz,1215 MHz,1.1 %,16,1410 MHz,0.0 %,13.50 W (freq-based estimate),47,22 %,78 %,4
2025-10-22 15:19:23.9,workload_flan_t5_small_us-east1,NVIDIA A100-SXM4-40GB,0,251.71 W,53,250.83 W (est),1410 MHz,1215 MHz,1.1 %,16,1410 MHz,0.0 %,13.50 W (freq-based estimate),48,22 %,77 %,4
2025-10-22 15:19:25.3,workload_flan_t5_small_us-east1,NVIDIA A100-SXM4-40GB,0,260.48 W,52,250.83 W (est),1410 MHz,1215 MHz,1.1 %,16,1410 MHz,0.0 %,13.50 W (freq-based estimate),48,23 %,81 %,4
2025-10-22 15:19:26.6,workload_flan_t5_small_us-east1,NVIDIA A100-SXM4-40GB,0,241.74 W,53,250.83 W (est),1410 MHz,1215 MHz,1.1 %,16,1410 MHz,0.0 %,13.50 W (freq-based estimate),48,22 %,76 %,4
2025-10-22 15:19:27.9,workload_flan_t5_small_us-east1,NVIDIA A100-SXM4-40GB,0,256.67 W,53,250.83 W (est),1410 MHz,1215 MHz,1.1 %,16,1410 MHz,0.0 %,13.50 W (freq-based estimate),48,24 %,81 %,4
2025-10-22 15:19:29.2,workload_flan_t5_small_us-east1,NVIDIA A100-SXM4-40GB,0,272.81 W,53,250.83 W (est),1410 MHz,1215 MHz,1.1 %,16,1410 MHz,0.0 %,13.50 W (freq-based estimate),48,25 %,82 %,4
2025-10-22 15:19:30.5,workload_flan_t5_small_us-east1,NVIDIA A100-SXM4-40GB,0,217.42 W,53,250.83 W (est),1410 MHz,1215 MHz,1.1 %,16,1410 MHz,0.0 %,13.50 W (freq-based estimate),48,24 %,77 %,4
2025-10-22 15:19:31.8,workload_flan_t5_small_us-east1,NVIDIA A100-SXM4-40GB,0,261.09 W,53,250.83 W (est),1410 MHz,1215 MHz,1.1 %,16,1410 MHz,0.0 %,13.50 W (freq-based estimate),48,23 %,81 %,4
2025-10-22 15:19:33.1,workload_flan_t5_small_us-east1,NVIDIA A100-SXM4-40GB,0,211.26 W,53,250.83 W (est),1410 MHz,1215 MHz,1.1 %,16,1410 MHz,0.0 %,13.50 W (freq-based estimate),47,26 %,84 %,4
2025-10-22 15:19:34.4,workload_flan_t5_small_us-east1,NVIDIA A100-SXM4-40GB,0,206.84 W,53,250.83 W (est),1410 MHz,1215 MHz,1.1 %,16,1410 MHz,0.0 %,13.50 W (freq-based estimate),47,25 %,82 %,4
2025-10-22 15:19:35.7,workload_flan_t5_small_us-east1,NVIDIA A100-SXM4-40GB,0,210.11 W,53,250.83 W (est),1410 MHz,1215 MHz,1.1 %,16,1410 MHz,0.0 %,13.50 W (freq-based estimate),48,26 %,83 %,4
2025-10-22 15:19:37.0,workload_flan_t5_small_us-east1,NVIDIA A100-SXM4-40GB,0,266.05 W,53,250.83 W (est),1410 MHz,1215 MHz,1.1 %,16,1410 MHz,0.0 %,13.50 W (freq-based estimate),47,25 %,78 %,4
2025-10-22 15:19:38.3,workload_flan_t5_small_us-east1,NVIDIA A100-SXM4-40GB,0,207.44 W,54,250.83 W (est),1410 MHz,1215 MHz,1.1 %,16,1410 MHz,0.0 %,13.50 W (freq-based estimate),49,25 %,78 %,4
2025-10-22 15:19:39.7,workload_flan_t5_small_us-east1,NVIDIA A100-SXM4-40GB,0,220.90 W,54,250.83 W (est),1410 MHz,1215 MHz,1.1 %,16,1410 MHz,0.0 %,13.50 W (freq-based estimate),48,22 %,73 %,4
2025-10-22 15:19:41.0,workload_flan_t5_small_us-east1,NVIDIA A100-SXM4-40GB,0,211.48 W,54,250.83 W (est),1410 MHz,1215 MHz,1.1 %,16,1410 MHz,0.0 %,13.50 W (freq-based estimate),49,22 %,75 %,4
2025-10-22 15:19:42.3,workload_flan_t5_small_us-east1,NVIDIA A100-SXM4-40GB,0,182.26 W,54,250.83 W (est),1410 MHz,1215 MHz,1.1 %,16,1410 MHz,0.0 %,13.50 W (freq-based estimate),48,22 %,74 %,4
2025-10-22 15:19:43.6,workload_flan_t5_small_us-east1,NVIDIA A100-SXM4-40GB,0,210.11 W,53,250.83 W (est),1410 MHz,1215 MHz,1.1 %,16,1410 MHz,0.0 %,13.50 W (freq-based estimate),48,24 %,76 %,4
2025-10-22 15:19:44.9,workload_flan_t5_small_us-east1,NVIDIA A100-SXM4-40GB,0,217.14 W,53,250.83 W (est),1410 MHz,1215 MHz,1.1 %,16,1410 MHz,0.0 %,13.50 W (freq-based estimate),48,23 %,77 %,4
2025-10-22 15:19:46.2,workload_flan_t5_small_us-east1,NVIDIA A100-SXM4-40GB,0,228.87 W,54,250.83 W (est),1410 MHz,1215 MHz,1.1 %,16,1410 MHz,0.0 %,13.50 W (freq-based estimate),49,23 %,78 %,4
2025-10-22 15:19:47.5,workload_flan_t5_small_us-east1,NVIDIA A100-SXM4-40GB,0,243.21 W,54,250.83 W (est),1410 MHz,1215 MHz,1.1 %,16,1410 MHz,0.0 %,13.50 W (freq-based estimate),48,23 %,81 %,4
2025-10-22 15:19:48.8,workload_flan_t5_small_us-east1,NVIDIA A100-SXM4-40GB,0,235.57 W,54,250.83 W (est),1410 MHz,1215 MHz,1.1 %,16,1410 MHz,0.0 %,13.50 W (freq-based estimate),49,22 %,77 %,4
2025-10-22 15:19:50.1,workload_flan_t5_small_us-east1,NVIDIA A100-SXM4-40GB,0,264.03 W,53,250.83 W (est),1410 MHz,1215 MHz,1.1 %,16,1410 MHz,0.0 %,13.50 W (freq-based estimate),48,22 %,78 %,4
2025-10-22 15:19:51.4,workload_flan_t5_small_us-east1,NVIDIA A100-SXM4-40GB,0,217.42 W,53,250.83 W (est),1410 MHz,1215 MHz,1.1 %,16,1410 MHz,0.0 %,13.50 W (freq-based estimate),48,22 %,76 %,4
2025-10-22 15:19:52.8,workload_flan_t5_small_us-east1,NVIDIA A100-SXM4-40GB,0,212.73 W,54,250.83 W (est),1410 MHz,1215 MHz,1.1 %,16,1410 MHz,0.0 %,13.50 W (freq-based estimate),48,26 %,77 %,4
2025-10-22 15:19:54.1,workload_flan_t5_small_us-east1,NVIDIA A100-SXM4-40GB,0,217.69 W,54,250.83 W (est),1410 MHz,1215 MHz,1.1 %,16,1410 MHz,0.0 %,13.50 W (freq-based estimate),49,26 %,77 %,4
2025-10-22 15:19:55.4,workload_flan_t5_small_us-east1,NVIDIA A100-SXM4-40GB,0,222.11 W,54,250.83 W (est),1410 MHz,1215 MHz,1.1 %,16,1410 MHz,0.0 %,13.50 W (freq-based estimate),49,26 %,80 %,4
2025-10-22 15:19:56.7,workload_flan_t5_small_us-east1,NVIDIA A100-SXM4-40GB,0,212.46 W,54,250.83 W (est),1410 MHz,1215 MHz,1.1 %,16,1410 MHz,0.0 %,13.50 W (freq-based estimate),49,23 %,77 %,4
2025-10-22 15:19:58.0,workload_flan_t5_small_us-east1,NVIDIA A100-SXM4-40GB,0,265.77 W,54,250.83 W (est),1410 MHz,1215 MHz,1.1 %,16,1410 MHz,0.0 %,13.50 W (freq-based estimate),49,23 %,78 %,4
2025-10-22 15:19:59.3,workload_flan_t5_small_us-east1,NVIDIA A100-SXM4-40GB,0,250.24 W,49,251.16 W (est),1410 MHz,1215 MHz,1.3 %,16,1410 MHz,0.0 %,13.50 W (freq-based estimate),45,5 %,20 %,4
2025-10-22 15:20:00.6,workload_flan_t5_small_us-east1,NVIDIA A100-SXM4-40GB,0,92.40 W,45,251.16 W (est),1365 MHz,1215 MHz,1.3 %,16,1365 MHz,0.0 %,13.50 W (freq-based estimate),44,5 %,20 %,4
2025-10-22 15:20:01.9,workload_flan_t5_small_us-east1,NVIDIA A100-SXM4-40GB,0,93.54 W,45,251.16 W (est),1410 MHz,1215 MHz,1.3 %,16,1410 MHz,0.0 %,13.50 W (freq-based estimate),43,5 %,20 %,4
2025-10-22 15:20:03.3,workload_flan_t5_small_us-east1,NVIDIA A100-SXM4-40GB,0,97.64 W,45,251.16 W (est),1410 MHz,1215 MHz,1.3 %,16,1410 MHz,0.0 %,13.50 W (freq-based estimate),43,11 %,41 %,4
2025-10-22 15:20:04.6,workload_flan_t5_small_us-east1,NVIDIA A100-SXM4-40GB,0,102.65 W,46,251.16 W (est),1410 MHz,1215 MHz,1.3 %,16,1410 MHz,0.0 %,13.50 W (freq-based estimate),43,11 %,40 %,4
2025-10-22 15:20:05.9,workload_flan_t5_small_us-east1,NVIDIA A100-SXM4-40GB,0,175.49 W,45,251.16 W (est),1410 MHz,1215 MHz,1.3 %,16,1410 MHz,0.0 %,13.50 W (freq-based estimate),43,5 %,20 %,4
2025-10-22 15:20:07.2,workload_flan_t5_small_us-east1,NVIDIA A100-SXM4-40GB,0,100.31 W,44,251.16 W (est),1410 MHz,1215 MHz,1.3 %,16,1410 MHz,0.0 %,13.50 W (freq-based estimate),42,5 %,20 %,4
2025-10-22 15:20:08.5,workload_flan_t5_small_us-east1,NVIDIA A100-SXM4-40GB,0,101.45 W,45,251.16 W (est),1410 MHz,1215 MHz,1.3 %,16,1410 MHz,0.0 %,13.50 W (freq-based estimate),42,11 %,41 %,4
2025-10-22 15:20:09.8,workload_flan_t5_small_us-east1,NVIDIA A100-SXM4-40GB,0,207.17 W,46,251.16 W (est),1410 MHz,1215 MHz,1.3 %,16,1410 MHz,0.0 %,13.50 W (freq-based estimate),42,5 %,20 %,4
2025-10-22 15:20:11.1,workload_flan_t5_small_us-east1,NVIDIA A100-SXM4-40GB,0,98.56 W,44,251.16 W (est),1410 MHz,1215 MHz,1.3 %,16,1410 MHz,0.0 %,13.50 W (freq-based estimate),42,11 %,41 %,4
2025-10-22 15:20:12.4,workload_flan_t5_small_us-east1,NVIDIA A100-SXM4-40GB,0,97.64 W,44,251.16 W (est),1410 MHz,1215 MHz,1.3 %,16,1410 MHz,0.0 %,13.50 W (freq-based estimate),42,11 %,41 %,4
2025-10-22 15:20:13.7,workload_flan_t5_small_us-east1,NVIDIA A100-SXM4-40GB,0,95.88 W,44,251.16 W (est),1410 MHz,1215 MHz,1.3 %,16,1410 MHz,0.0 %,13.50 W (freq-based estimate),42,11 %,41 %,4
2025-10-22 15:20:15.0,workload_flan_t5_small_us-east1,NVIDIA A100-SXM4-40GB,0,97.64 W,44,251.16 W (est),1410 MHz,1215 MHz,1.3 %,16,1410 MHz,0.0 %,13.50 W (freq-based estimate),41,5 %,20 %,4
2025-10-22 15:20:16.4,workload_flan_t5_small_us-east1,NVIDIA A100-SXM4-40GB,0,225.32 W,45,251.16 W (est),1410 MHz,1215 MHz,1.3 %,16,1410 MHz,0.0 %,13.50 W (freq-based estimate),42,5 %,20 %,4
2025-10-22 15:20:17.7,workload_flan_t5_small_us-east1,NVIDIA A100-SXM4-40GB,0,103.26 W,43,251.16 W (est),1410 MHz,1215 MHz,1.3 %,16,1410 MHz,0.0 %,13.50 W (freq-based estimate),42,9 %,35 %,4
2025-10-22 15:20:19.0,workload_flan_t5_small_us-east1,NVIDIA A100-SXM4-40GB,0,102.06 W,43,251.16 W (est),1410 MHz,1215 MHz,1.3 %,16,1410 MHz,0.0 %,13.50 W (freq-based estimate),41,9 %,36 %,4
2025-10-22 15:20:20.3,workload_flan_t5_small_us-east1,NVIDIA A100-SXM4-40GB,0,102.55 W,44,251.16 W (est),1410 MHz,1215 MHz,1.3 %,16,1410 MHz,0.0 %,13.50 W (freq-based estimate),41,8 %,29 %,4
2025-10-22 15:20:21.6,workload_flan_t5_small_us-east1,NVIDIA A100-SXM4-40GB,0,99.01 W,44,251.16 W (est),1410 MHz,1215 MHz,1.3 %,16,1410 MHz,0.0 %,13.50 W (freq-based estimate),41,8 %,32 %,4
2025-10-22 15:20:22.9,workload_flan_t5_small_us-east1,NVIDIA A100-SXM4-40GB,0,252.60 W,46,251.16 W (est),1410 MHz,1215 MHz,1.3 %,16,1410 MHz,0.0 %,13.50 W (freq-based estimate),42,5 %,20 %,4
2025-10-22 15:20:24.2,workload_flan_t5_small_us-east1,NVIDIA A100-SXM4-40GB,0,102.33 W,43,251.16 W (est),1410 MHz,1215 MHz,1.3 %,16,1410 MHz,0.0 %,13.50 W (freq-based estimate),41,5 %,21 %,4
2025-10-22 15:20:25.5,workload_flan_t5_small_us-east1,NVIDIA A100-SXM4-40GB,0,97.36 W,43,251.16 W (est),1410 MHz,1215 MHz,1.3 %,16,1410 MHz,0.0 %,13.50 W (freq-based estimate),41,12 %,41 %,4
2025-10-22 15:20:26.8,workload_flan_t5_small_us-east1,NVIDIA A100-SXM4-40GB,0,100.31 W,43,251.16 W (est),1410 MHz,1215 MHz,1.3 %,16,1410 MHz,0.0 %,13.50 W (freq-based estimate),41,12 %,41 %,4
2025-10-22 15:20:28.1,workload_flan_t5_small_us-east1,NVIDIA A100-SXM4-40GB,0,100.91 W,43,251.16 W (est),1410 MHz,1215 MHz,1.3 %,16,1410 MHz,0.0 %,13.50 W (freq-based estimate),40,11 %,41 %,4
2025-10-22 15:20:29.5,workload_flan_t5_small_us-east1,NVIDIA A100-SXM4-40GB,0,99.71 W,45,251.16 W (est),1410 MHz,1215 MHz,1.3 %,16,1410 MHz,0.0 %,13.50 W (freq-based estimate),42,5 %,20 %,4
2025-10-22 15:20:30.8,workload_flan_t5_small_us-east1,NVIDIA A100-SXM4-40GB,0,102.06 W,42,251.16 W (est),1410 MHz,1215 MHz,1.3 %,16,1410 MHz,0.0 %,13.50 W (freq-based estimate),40,5 %,20 %,4
2025-10-22 15:20:32.1,workload_flan_t5_small_us-east1,NVIDIA A100-SXM4-40GB,0,99.71 W,43,251.16 W (est),1410 MHz,1215 MHz,1.3 %,16,1410 MHz,0.0 %,13.50 W (freq-based estimate),40,11 %,41 %,4
2025-10-22 15:20:33.4,workload_flan_t5_small_us-east1,NVIDIA A100-SXM4-40GB,0,94.41 W,43,251.16 W (est),1410 MHz,1215 MHz,1.3 %,16,1410 MHz,0.0 %,13.50 W (freq-based estimate),40,11 %,41 %,4
2025-10-22 15:20:34.7,workload_flan_t5_small_us-east1,NVIDIA A100-SXM4-40GB,0,244.95 W,45,251.16 W (est),1410 MHz,1215 MHz,1.3 %,16,1410 MHz,0.0 %,13.50 W (freq-based estimate),41,5 %,20 %,4
2025-10-22 15:20:36.0,workload_flan_t5_small_us-east1,NVIDIA A100-SXM4-40GB,0,102.33 W,42,251.16 W (est),1410 MHz,1215 MHz,1.3 %,16,1410 MHz,0.0 %,13.50 W (freq-based estimate),40,5 %,20 %,4
2025-10-22 15:20:37.3,workload_flan_t5_small_us-east1,NVIDIA A100-SXM4-40GB,0,99.71 W,42,251.16 W (est),1410 MHz,1215 MHz,1.3 %,16,1410 MHz,0.0 %,13.50 W (freq-based estimate),40,11 %,41 %,4
2025-10-22 15:20:38.6,workload_flan_t5_small_us-east1,NVIDIA A100-SXM4-40GB,0,102.93 W,43,251.16 W (est),1410 MHz,1215 MHz,1.3 %,16,1410 MHz,0.0 %,13.50 W (freq-based estimate),40,11 %,41 %,4
2025-10-22 15:20:39.9,workload_flan_t5_small_us-east1,NVIDIA A100-SXM4-40GB,0,255.20 W,45,251.16 W (est),1410 MHz,1215 MHz,1.3 %,16,1410 MHz,0.0 %,13.50 W (freq-based estimate),41,5 %,19 %,4
2025-10-22 15:20:41.2,workload_flan_t5_small_us-east1,NVIDIA A100-SXM4-40GB,0,181.05 W,45,251.16 W (est),1410 MHz,1215 MHz,1.3 %,16,1410 MHz,0.0 %,13.50 W (freq-based estimate),41,5 %,20 %,4
2025-10-22 15:20:42.6,workload_flan_t5_small_us-east1,NVIDIA A100-SXM4-40GB,0,93.26 W,42,251.16 W (est),1410 MHz,1215 MHz,1.3 %,16,1410 MHz,0.0 %,13.50 W (freq-based estimate),40,5 %,20 %,4
2025-10-22 15:20:43.9,workload_flan_t5_small_us-east1,NVIDIA A100-SXM4-40GB,0,102.33 W,42,251.16 W (est),1410 MHz,1215 MHz,1.3 %,16,1410 MHz,0.0 %,13.50 W (freq-based estimate),40,11 %,41 %,4
2025-10-22 15:20:45.2,workload_flan_t5_small_us-east1,NVIDIA A100-SXM4-40GB,0,100.58 W,43,251.16 W (est),1410 MHz,1215 MHz,1.3 %,16,1410 MHz,0.0 %,13.50 W (freq-based estimate),40,11 %,41 %,4
2025-10-22 15:20:46.5,workload_flan_t5_small_us-east1,NVIDIA A100-SXM4-40GB,0,217.14 W,45,251.16 W (est),1410 MHz,1215 MHz,1.3 %,16,1410 MHz,0.0 %,13.50 W (freq-based estimate),41,5 %,20 %,4
2025-10-22 15:20:47.8,workload_flan_t5_small_us-east1,NVIDIA A100-SXM4-40GB,0,101.18 W,42,251.16 W (est),1410 MHz,1215 MHz,1.3 %,16,1410 MHz,0.0 %,13.50 W (freq-based estimate),40,5 %,20 %,4
2025-10-22 15:20:49.1,workload_flan_t5_small_us-east1,NVIDIA A100-SXM4-40GB,0,96.22 W,42,251.16 W (est),1410 MHz,1215 MHz,1.3 %,16,1410 MHz,0.0 %,13.50 W (freq-based estimate),40,11 %,41 %,4
2025-10-22 15:20:50.4,workload_flan_t5_small_us-east1,NVIDIA A100-SXM4-40GB,0,99.11 W,42,251.16 W (est),1410 MHz,1215 MHz,1.3 %,16,1410 MHz,0.0 %,13.50 W (freq-based estimate),40,11 %,41 %,4
2025-10-22 15:20:51.7,workload_flan_t5_small_us-east1,NVIDIA A100-SXM4-40GB,0,122.30 W,43,251.16 W (est),1410 MHz,1215 MHz,1.3 %,16,1410 MHz,0.0 %,13.50 W (freq-based estimate),40,5 %,20 %,4
2025-10-22 15:20:53.0,workload_flan_t5_small_us-east1,NVIDIA A100-SXM4-40GB,0,95.88 W,44,251.16 W (est),1410 MHz,1215 MHz,1.3 %,16,1410 MHz,0.0 %,13.50 W (freq-based estimate),41,5 %,21 %,4
2025-10-22 15:20:54.3,workload_flan_t5_small_us-east1,NVIDIA A100-SXM4-40GB,0,157.94 W,44,251.16 W (est),1410 MHz,1215 MHz,1.3 %,16,1410 MHz,0.0 %,13.50 W (freq-based estimate),41,5 %,21 %,4
2025-10-22 15:20:55.6,workload_flan_t5_small_us-east1,NVIDIA A100-SXM4-40GB,0,100.31 W,42,251.16 W (est),1410 MHz,1215 MHz,1.3 %,16,1410 MHz,0.0 %,13.50 W (freq-based estimate),40,11 %,41 %,4
2025-10-22 15:20:57.0,workload_flan_t5_small_us-east1,NVIDIA A100-SXM4-40GB,0,101.18 W,42,251.16 W (est),1410 MHz,1215 MHz,1.3 %,16,1410 MHz,0.0 %,13.50 W (freq-based estimate),40,11 %,41 %,4
2025-10-22 15:20:58.3,workload_flan_t5_small_us-east1,NVIDIA A100-SXM4-40GB,0,96.22 W,42,251.16 W (est),1410 MHz,1215 MHz,1.3 %,16,1410 MHz,0.0 %,13.50 W (freq-based estimate),40,5 %,21 %,4
2025-10-22 15:20:59.6,workload_flan_t5_small_us-east1,NVIDIA A100-SXM4-40GB,0,177.29 W,44,251.16 W (est),1410 MHz,1215 MHz,1.3 %,16,1410 MHz,0.0 %,13.50 W (freq-based estimate),40,5 %,20 %,4
2025-10-22 15:21:00.9,workload_flan_t5_small_us-east1,NVIDIA A100-SXM4-40GB,0,100.58 W,42,251.16 W (est),1410 MHz,1215 MHz,1.3 %,16,1410 MHz,0.0 %,13.50 W (freq-based estimate),39,8 %,31 %,4
2025-10-22 15:21:02.2,workload_flan_t5_small_us-east1,NVIDIA A100-SXM4-40GB,0,95.29 W,42,251.16 W (est),1410 MHz,1215 MHz,1.3 %,16,1410 MHz,0.0 %,13.50 W (freq-based estimate),40,8 %,31 %,4
2025-10-22 15:21:03.5,workload_flan_t5_small_us-east1,NVIDIA A100-SXM4-40GB,0,100.91 W,42,251.16 W (est),1410 MHz,1215 MHz,1.3 %,16,1410 MHz,0.0 %,13.50 W (freq-based estimate),40,5 %,20 %,4
2025-10-22 15:21:04.8,workload_flan_t5_small_us-east1,NVIDIA A100-SXM4-40GB,0,99.11 W,44,251.16 W (est),1410 MHz,1215 MHz,1.3 %,16,1410 MHz,0.0 %,13.50 W (freq-based estimate),41,5 %,18 %,4
2025-10-22 15:21:06.3,workload_flan_t5_small_us-east1,NVIDIA A100-SXM4-40GB,0,64.50 W,40,250.83 W (est),1095 MHz,1215 MHz,1.1 %,16,1095 MHz,0.0 %,13.50 W (freq-based estimate),38,0 %,0 %,4
2025-10-22 15:21:07.8,workload_flan_t5_small_us-east1,NVIDIA A100-SXM4-40GB,0,64.23 W,39,250.83 W (est),1095 MHz,1215 MHz,1.1 %,16,1095 MHz,0.0 %,13.50 W (freq-based estimate),38,0 %,0 %,4
2025-10-22 15:21:09.1,workload_flan_t5_small_us-east1,NVIDIA A100-SXM4-40GB,0,63.91 W,39,250.83 W (est),1095 MHz,1215 MHz,1.1 %,16,1095 MHz,0.0 %,13.50 W (freq-based estimate),38,0 %,5 %,4
2025-10-22 15:21:10.4,workload_flan_t5_small_us-east1,NVIDIA A100-SXM4-40GB,0,240.26 W,43,250.83 W (est),1410 MHz,1215 MHz,1.1 %,16,1410 MHz,0.0 %,13.50 W (freq-based estimate),40,13 %,56 %,4
2025-10-22 15:21:11.7,workload_flan_t5_small_us-east1,NVIDIA A100-SXM4-40GB,0,172.88 W,48,250.83 W (est),1410 MHz,1215 MHz,1.1 %,16,1410 MHz,0.0 %,13.50 W (freq-based estimate),42,23 %,80 %,4
2025-10-22 15:21:13.0,workload_flan_t5_small_us-east1,NVIDIA A100-SXM4-40GB,0,261.68 W,49,250.83 W (est),1410 MHz,1215 MHz,1.1 %,16,1410 MHz,0.0 %,13.50 W (freq-based estimate),45,21 %,77 %,4
2025-10-22 15:21:14.3,workload_flan_t5_small_us-east1,NVIDIA A100-SXM4-40GB,0,274.88 W,50,250.83 W (est),1410 MHz,1215 MHz,1.1 %,16,1410 MHz,0.0 %,13.50 W (freq-based estimate),45,23 %,76 %,4
2025-10-22 15:21:15.7,workload_flan_t5_small_us-east1,NVIDIA A100-SXM4-40GB,0,202.75 W,50,250.83 W (est),1410 MHz,1215 MHz,1.1 %,16,1410 MHz,0.0 %,13.50 W (freq-based estimate),45,23 %,81 %,4
2025-10-22 15:21:17.0,workload_flan_t5_small_us-east1,NVIDIA A100-SXM4-40GB,0,268.72 W,51,250.83 W (est),1410 MHz,1215 MHz,1.1 %,16,1410 MHz,0.0 %,13.50 W (freq-based estimate),45,21 %,74 %,4
2025-10-22 15:21:18.3,workload_flan_t5_small_us-east1,NVIDIA A100-SXM4-40GB,0,246.15 W,51,250.83 W (est),1410 MHz,1215 MHz,1.1 %,16,1410 MHz,0.0 %,13.50 W (freq-based estimate),45,21 %,75 %,4
2025-10-22 15:21:19.6,workload_flan_t5_small_us-east1,NVIDIA A100-SXM4-40GB,0,219.39 W,51,250.83 W (est),1410 MHz,1215 MHz,1.1 %,16,1410 MHz,0.0 %,13.50 W (freq-based estimate),46,26 %,77 %,4
2025-10-22 15:21:20.9,workload_flan_t5_small_us-east1,NVIDIA A100-SXM4-40GB,0,215.30 W,50,250.83 W (est),1410 MHz,1215 MHz,1.1 %,16,1410 MHz,0.0 %,13.50 W (freq-based estimate),47,25 %,76 %,4
2025-10-22 15:21:22.2,workload_flan_t5_small_us-east1,NVIDIA A100-SXM4-40GB,0,205.91 W,52,250.83 W (est),1410 MHz,1215 MHz,1.1 %,16,1410 MHz,0.0 %,13.50 W (freq-based estimate),46,22 %,76 %,4
2025-10-22 15:21:23.5,workload_flan_t5_small_us-east1,NVIDIA A100-SXM4-40GB,0,196.79 W,52,250.83 W (est),1410 MHz,1215 MHz,1.1 %,16,1410 MHz,0.0 %,13.50 W (freq-based estimate),46,25 %,83 %,4
2025-10-22 15:21:24.8,workload_flan_t5_small_us-east1,NVIDIA A100-SXM4-40GB,0,228.78 W,52,250.83 W (est),1410 MHz,1215 MHz,1.1 %,16,1410 MHz,0.0 %,13.50 W (freq-based estimate),47,26 %,83 %,4
2025-10-22 15:21:26.1,workload_flan_t5_small_us-east1,NVIDIA A100-SXM4-40GB,0,205.97 W,51,250.83 W (est),1410 MHz,1215 MHz,1.1 %,16,1410 MHz,0.0 %,13.50 W (freq-based estimate),47,24 %,78 %,4
2025-10-22 15:21:27.5,workload_flan_t5_small_us-east1,NVIDIA A100-SXM4-40GB,0,255.53 W,52,250.83 W (est),1410 MHz,1215 MHz,1.1 %,16,1410 MHz,0.0 %,13.50 W (freq-based estimate),48,23 %,81 %,4
2025-10-22 15:21:28.8,workload_flan_t5_small_us-east1,NVIDIA A100-SXM4-40GB,0,272.21 W,52,250.83 W (est),1410 MHz,1215 MHz,1.1 %,16,1410 MHz,0.0 %,13.50 W (freq-based estimate),47,23 %,79 %,4
2025-10-22 15:21:30.1,workload_flan_t5_small_us-east1,NVIDIA A100-SXM4-40GB,0,193.30 W,52,250.83 W (est),1410 MHz,1215 MHz,1.1 %,16,1410 MHz,0.0 %,13.50 W (freq-based estimate),47,25 %,82 %,4
2025-10-22 15:21:31.4,workload_flan_t5_small_us-east1,NVIDIA A100-SXM4-40GB,0,246.15 W,52,250.83 W (est),1410 MHz,1215 MHz,1.1 %,16,1410 MHz,0.0 %,13.50 W (freq-based estimate),47,25 %,79 %,4
2025-10-22 15:21:32.7,workload_flan_t5_small_us-east1,NVIDIA A100-SXM4-40GB,0,196.52 W,52,250.83 W (est),1410 MHz,1215 MHz,1.1 %,16,1410 MHz,0.0 %,13.50 W (freq-based estimate),47,25 %,77 %,4
2025-10-22 15:21:34.0,workload_flan_t5_small_us-east1,NVIDIA A100-SXM4-40GB,0,268.72 W,53,250.83 W (est),1410 MHz,1215 MHz,1.1 %,16,1410 MHz,0.0 %,13.50 W (freq-based estimate),47,24 %,80 %,4
2025-10-22 15:21:35.3,workload_flan_t5_small_us-east1,NVIDIA A100-SXM4-40GB,0,225.05 W,53,250.83 W (est),1410 MHz,1215 MHz,1.1 %,16,1410 MHz,0.0 %,13.50 W (freq-based estimate),47,26 %,80 %,4
2025-10-22 15:21:36.6,workload_flan_t5_small_us-east1,NVIDIA A100-SXM4-40GB,0,227.30 W,53,250.83 W (est),1410 MHz,1215 MHz,1.1 %,16,1410 MHz,0.0 %,13.50 W (freq-based estimate),48,25 %,79 %,4
2025-10-22 15:21:37.9,workload_flan_t5_small_us-east1,NVIDIA A100-SXM4-40GB,0,256.66 W,54,250.83 W (est),1410 MHz,1215 MHz,1.1 %,16,1410 MHz,0.0 %,13.50 W (freq-based estimate),48,24 %,81 %,4
2025-10-22 15:21:39.2,workload_flan_t5_small_us-east1,NVIDIA A100-SXM4-40GB,0,234.34 W,54,250.83 W (est),1410 MHz,1215 MHz,1.1 %,16,1410 MHz,0.0 %,13.50 W (freq-based estimate),49,23 %,82 %,4
2025-10-22 15:21:40.5,workload_flan_t5_small_us-east1,NVIDIA A100-SXM4-40GB,0,207.99 W,53,250.83 W (est),1410 MHz,1215 MHz,1.1 %,16,1410 MHz,0.0 %,13.50 W (freq-based estimate),49,24 %,77 %,4
2025-10-22 15:21:41.9,workload_flan_t5_small_us-east1,NVIDIA A100-SXM4-40GB,0,216.17 W,54,250.83 W (est),1410 MHz,1215 MHz,1.1 %,16,1410 MHz,0.0 %,13.50 W (freq-based estimate),48,24 %,77 %,4
2025-10-22 15:21:43.2,workload_flan_t5_small_us-east1,NVIDIA A100-SXM4-40GB,0,275.15 W,54,250.83 W (est),1410 MHz,1215 MHz,1.1 %,16,1410 MHz,0.0 %,13.50 W (freq-based estimate),48,23 %,78 %,4
2025-10-22 15:21:44.5,workload_flan_t5_small_us-east1,NVIDIA A100-SXM4-40GB,0,267.24 W,54,250.83 W (est),1410 MHz,1215 MHz,1.1 %,16,1410 MHz,0.0 %,13.50 W (freq-based estimate),49,24 %,81 %,4
2025-10-22 15:21:45.8,workload_flan_t5_small_us-east1,NVIDIA A100-SXM4-40GB,0,198.60 W,54,250.83 W (est),1410 MHz,1215 MHz,1.1 %,16,1410 MHz,0.0 %,13.50 W (freq-based estimate),49,25 %,82 %,4
2025-10-22 15:21:47.1,workload_flan_t5_small_us-east1,NVIDIA A100-SXM4-40GB,0,228.51 W,54,250.83 W (est),1410 MHz,1215 MHz,1.1 %,16,1410 MHz,0.0 %,13.50 W (freq-based estimate),49,25 %,79 %,4
2025-10-22 15:21:48.4,workload_flan_t5_small_us-east1,NVIDIA A100-SXM4-40GB,0,216.54 W,53,250.83 W (est),1410 MHz,1215 MHz,1.1 %,16,1410 MHz,0.0 %,13.50 W (freq-based estimate),48,24 %,80 %,4
2025-10-22 15:21:49.7,workload_flan_t5_small_us-east1,NVIDIA A100-SXM4-40GB,0,218.29 W,54,250.83 W (est),1410 MHz,1215 MHz,1.1 %,16,1410 MHz,0.0 %,13.50 W (freq-based estimate),48,22 %,77 %,4
2025-10-22 15:21:51.0,workload_flan_t5_small_us-east1,NVIDIA A100-SXM4-40GB,0,188.01 W,53,250.83 W (est),1410 MHz,1215 MHz,1.1 %,16,1410 MHz,0.0 %,13.50 W (freq-based estimate),48,24 %,73 %,4
2025-10-22 15:21:52.3,workload_flan_t5_small_us-east1,NVIDIA A100-SXM4-40GB,0,222.94 W,53,250.83 W (est),1410 MHz,1215 MHz,1.1 %,16,1410 MHz,0.0 %,13.50 W (freq-based estimate),48,23 %,74 %,4
2025-10-22 15:21:53.6,workload_flan_t5_small_us-east1,NVIDIA A100-SXM4-40GB,0,215.89 W,53,250.83 W (est),1410 MHz,1215 MHz,1.1 %,16,1410 MHz,0.0 %,13.50 W (freq-based estimate),50,22 %,77 %,4
2025-10-22 15:21:54.9,workload_flan_t5_small_us-east1,NVIDIA A100-SXM4-40GB,0,273.41 W,54,250.83 W (est),1410 MHz,1215 MHz,1.1 %,16,1410 MHz,0.0 %,13.50 W (freq-based estimate),49,23 %,77 %,4
2025-10-22 15:21:56.3,workload_flan_t5_small_us-east1,NVIDIA A100-SXM4-40GB,0,268.72 W,54,250.83 W (est),1410 MHz,1215 MHz,1.1 %,16,1410 MHz,0.0 %,13.50 W (freq-based estimate),49,24 %,80 %,4
2025-10-22 15:21:57.6,workload_flan_t5_small_us-east1,NVIDIA A100-SXM4-40GB,0,176.88 W,54,250.83 W (est),1410 MHz,1215 MHz,1.1 %,16,1410 MHz,0.0 %,13.50 W (freq-based estimate),48,25 %,82 %,4
2025-10-22 15:21:58.9,workload_flan_t5_small_us-east1,NVIDIA A100-SXM4-40GB,0,226.75 W,54,250.83 W (est),1410 MHz,1215 MHz,1.1 %,16,1410 MHz,0.0 %,13.50 W (freq-based estimate),49,25 %,76 %,4
2025-10-22 15:22:00.2,workload_flan_t5_small_us-east1,NVIDIA A100-SXM4-40GB,0,243.48 W,54,250.83 W (est),1410 MHz,1215 MHz,1.1 %,16,1410 MHz,0.0 %,13.50 W (freq-based estimate),49,26 %,79 %,4
2025-10-22 15:22:01.5,workload_flan_t5_small_us-east1,NVIDIA A100-SXM4-40GB,0,268.39 W,54,250.83 W (est),1410 MHz,1215 MHz,1.1 %,16,1410 MHz,0.0 %,13.50 W (freq-based estimate),49,24 %,77 %,4
2025-10-22 15:22:02.8,workload_flan_t5_small_us-east1,NVIDIA A100-SXM4-40GB,0,231.99 W,54,250.83 W (est),1410 MHz,1215 MHz,1.1 %,16,1410 MHz,0.0 %,13.50 W (freq-based estimate),49,26 %,80 %,4
2025-10-22 15:22:04.1,workload_flan_t5_small_us-east1,NVIDIA A100-SXM4-40GB,0,229.14 W,54,250.83 W (est),1410 MHz,1215 MHz,1.1 %,16,1410 MHz,0.0 %,13.50 W (freq-based estimate),50,26 %,78 %,4
2025-10-22 15:22:05.4,workload_flan_t5_small_us-east1,NVIDIA A100-SXM4-40GB,0,250.77 W,54,250.83 W (est),1410 MHz,1215 MHz,1.1 %,16,1410 MHz,0.0 %,13.50 W (freq-based estimate),49,26 %,79 %,4
2025-10-22 15:22:06.7,workload_flan_t5_small_us-east1,NVIDIA A100-SXM4-40GB,0,266.38 W,54,250.83 W (est),1410 MHz,1215 MHz,1.1 %,16,1410 MHz,0.0 %,13.50 W (freq-based estimate),49,21 %,75 %,4
2025-10-22 15:22:08.0,workload_flan_t5_small_us-east1,NVIDIA A100-SXM4-40GB,0,277.77 W,54,250.83 W (est),1410 MHz,1215 MHz,1.1 %,16,1410 MHz,0.0 %,13.50 W (freq-based estimate),49,23 %,81 %,4
2025-10-22 15:23:17.1,workload_flan_t5_small_us-east1,NVIDIA A100-SXM4-40GB,0,65.18 W,40,250.83 W (est),1095 MHz,1215 MHz,1.1 %,16,1095 MHz,0.0 %,13.50 W (freq-based estimate),39,0 %,0 %,4
2025-10-22 15:23:18.6,workload_flan_t5_small_us-east1,NVIDIA A100-SXM4-40GB,0,64.57 W,40,250.83 W (est),1095 MHz,1215 MHz,1.1 %,16,1095 MHz,0.0 %,13.50 W (freq-based estimate),38,0 %,3 %,4
2025-10-22 15:23:19.9,workload_flan_t5_small_us-east1,NVIDIA A100-SXM4-40GB,0,64.30 W,39,250.83 W (est),1095 MHz,1215 MHz,1.1 %,16,1095 MHz,0.0 %,13.50 W (freq-based estimate),38,0 %,1 %,4
2025-10-22 15:23:21.2,workload_flan_t5_small_us-east1,NVIDIA A100-SXM4-40GB,0,135.51 W,42,250.83 W (est),1410 MHz,1215 MHz,1.1 %,16,1410 MHz,0.0 %,13.50 W (freq-based estimate),41,22 %,90 %,4
2025-10-22 15:23:22.5,workload_flan_t5_small_us-east1,NVIDIA A100-SXM4-40GB,0,187.13 W,48,250.83 W (est),1410 MHz,1215 MHz,1.1 %,16,1410 MHz,0.0 %,13.50 W (freq-based estimate),43,26 %,82 %,4
2025-10-22 15:23:23.8,workload_flan_t5_small_us-east1,NVIDIA A100-SXM4-40GB,0,215.02 W,50,250.83 W (est),1410 MHz,1215 MHz,1.1 %,16,1410 MHz,0.0 %,13.50 W (freq-based estimate),45,26 %,79 %,4
2025-10-22 15:23:25.1,workload_flan_t5_small_us-east1,NVIDIA A100-SXM4-40GB,0,268.39 W,50,250.83 W (est),1410 MHz,1215 MHz,1.1 %,16,1410 MHz,0.0 %,13.50 W (freq-based estimate),46,24 %,80 %,4
2025-10-22 15:23:26.4,workload_flan_t5_small_us-east1,NVIDIA A100-SXM4-40GB,0,269.27 W,51,250.83 W (est),1410 MHz,1215 MHz,1.1 %,16,1410 MHz,0.0 %,13.50 W (freq-based estimate),45,23 %,82 %,4
2025-10-22 15:23:28.1,workload_flan_t5_small_us-east1,NVIDIA A100-SXM4-40GB,0,82.40 W,42,250.66 W (est),1410 MHz,1215 MHz,1.0 %,16,1410 MHz,0.0 %,13.50 W (freq-based estimate),40,0 %,0 %,4
2025-10-22 15:23:29.4,workload_flan_t5_small_us-east1,NVIDIA A100-SXM4-40GB,0,64.57 W,41,250.83 W (est),1095 MHz,1215 MHz,1.1 %,16,1095 MHz,0.0 %,13.50 W (freq-based estimate),39,0 %,4 %,4
2025-10-22 15:23:30.8,workload_flan_t5_small_us-east1,NVIDIA A100-SXM4-40GB,0,139.93 W,42,250.83 W (est),1095 MHz,1215 MHz,1.0 %,16,1095 MHz,0.0 %,13.50 W (freq-based estimate),41,5 %,24 %,4
2025-10-22 15:23:32.1,workload_flan_t5_small_us-east1,NVIDIA A100-SXM4-40GB,0,100.91 W,42,250.99 W (est),1410 MHz,1215 MHz,1.1 %,16,1410 MHz,0.0 %,13.50 W (freq-based estimate),40,11 %,41 %,4
2025-10-22 15:23:33.4,workload_flan_t5_small_us-east1,NVIDIA A100-SXM4-40GB,0,103.26 W,43,250.99 W (est),1410 MHz,1215 MHz,1.2 %,16,1410 MHz,0.0 %,13.50 W (freq-based estimate),40,11 %,39 %,4
2025-10-22 15:23:34.7,workload_flan_t5_small_us-east1,NVIDIA A100-SXM4-40GB,0,95.88 W,45,250.99 W (est),1410 MHz,1215 MHz,1.2 %,16,1410 MHz,0.0 %,13.50 W (freq-based estimate),41,5 %,20 %,4
2025-10-22 15:23:36.1,workload_flan_t5_small_us-east1,NVIDIA A100-SXM4-40GB,0,100.31 W,44,250.99 W (est),1410 MHz,1215 MHz,1.2 %,16,1410 MHz,0.0 %,13.50 W (freq-based estimate),41,5 %,21 %,4
2025-10-22 15:23:37.4,workload_flan_t5_small_us-east1,NVIDIA A100-SXM4-40GB,0,97.36 W,42,250.99 W (est),1410 MHz,1215 MHz,1.2 %,16,1410 MHz,0.0 %,13.50 W (freq-based estimate),40,5 %,20 %,4
2025-10-22 15:23:38.7,workload_flan_t5_small_us-east1,NVIDIA A100-SXM4-40GB,0,90.59 W,42,250.99 W (est),1365 MHz,1215 MHz,1.2 %,16,1365 MHz,0.0 %,13.50 W (freq-based estimate),40,5 %,20 %,4
2025-10-22 15:23:40.0,workload_flan_t5_small_us-east1,NVIDIA A100-SXM4-40GB,0,95.29 W,42,250.99 W (est),1410 MHz,1215 MHz,1.2 %,16,1410 MHz,0.0 %,13.50 W (freq-based estimate),40,4 %,18 %,4
2025-10-22 15:23:41.4,workload_flan_t5_small_us-east1,NVIDIA A100-SXM4-40GB,0,141.08 W,42,250.99 W (est),1095 MHz,1215 MHz,1.2 %,16,1095 MHz,0.0 %,13.50 W (freq-based estimate),40,5 %,21 %,4
2025-10-22 15:23:42.7,workload_flan_t5_small_us-east1,NVIDIA A100-SXM4-40GB,0,118.81 W,41,250.99 W (est),1245 MHz,1215 MHz,1.2 %,16,1245 MHz,0.0 %,13.50 W (freq-based estimate),40,4 %,19 %,4
2025-10-22 15:23:44.1,workload_flan_t5_small_us-east1,NVIDIA A100-SXM4-40GB,0,73.97 W,41,250.99 W (est),1230 MHz,1215 MHz,1.2 %,16,1230 MHz,0.0 %,13.50 W (freq-based estimate),39,10 %,39 %,4
2025-10-22 15:23:45.4,workload_flan_t5_small_us-east1,NVIDIA A100-SXM4-40GB,0,74.85 W,40,250.99 W (est),1170 MHz,1215 MHz,1.2 %,16,1170 MHz,0.0 %,13.50 W (freq-based estimate),39,9 %,39 %,4
2025-10-22 15:23:46.8,workload_flan_t5_small_us-east1,NVIDIA A100-SXM4-40GB,0,82.77 W,40,250.99 W (est),1245 MHz,1215 MHz,1.2 %,16,1245 MHz,0.0 %,13.50 W (freq-based estimate),39,4 %,17 %,4
2025-10-22 15:23:48.2,workload_flan_t5_small_us-east1,NVIDIA A100-SXM4-40GB,0,152.81 W,42,250.99 W (est),1290 MHz,1215 MHz,1.2 %,16,1290 MHz,0.0 %,13.50 W (freq-based estimate),40,4 %,17 %,4
2025-10-22 15:23:49.5,workload_flan_t5_small_us-east1,NVIDIA A100-SXM4-40GB,0,83.55 W,41,250.99 W (est),1380 MHz,1215 MHz,1.2 %,16,1380 MHz,0.0 %,13.50 W (freq-based estimate),39,11 %,42 %,4
2025-10-22 15:23:50.8,workload_flan_t5_small_us-east1,NVIDIA A100-SXM4-40GB,0,210.61 W,43,250.99 W (est),1410 MHz,1215 MHz,1.2 %,16,1410 MHz,0.0 %,13.50 W (freq-based estimate),41,5 %,20 %,4
2025-10-22 15:23:52.1,workload_flan_t5_small_us-east1,NVIDIA A100-SXM4-40GB,0,96.49 W,41,250.99 W (est),1410 MHz,1215 MHz,1.2 %,16,1410 MHz,0.0 %,13.50 W (freq-based estimate),39,11 %,39 %,4
2025-10-22 15:23:53.4,workload_flan_t5_small_us-east1,NVIDIA A100-SXM4-40GB,0,122.57 W,42,250.99 W (est),1380 MHz,1215 MHz,1.2 %,16,1380 MHz,0.0 %,13.50 W (freq-based estimate),40,9 %,33 %,4
2025-10-22 15:23:54.7,workload_flan_t5_small_us-east1,NVIDIA A100-SXM4-40GB,0,95.29 W,41,250.99 W (est),1410 MHz,1215 MHz,1.2 %,16,1410 MHz,0.0 %,13.50 W (freq-based estimate),40,8 %,31 %,4
2025-10-22 15:23:56.0,workload_flan_t5_small_us-east1,NVIDIA A100-SXM4-40GB,0,189.21 W,42,250.99 W (est),1365 MHz,1215 MHz,1.2 %,16,1365 MHz,0.0 %,13.50 W (freq-based estimate),40,11 %,41 %,4
2025-10-22 15:23:57.3,workload_flan_t5_small_us-east1,NVIDIA A100-SXM4-40GB,0,94.75 W,41,250.99 W (est),1365 MHz,1215 MHz,1.2 %,16,1365 MHz,0.0 %,13.50 W (freq-based estimate),39,5 %,22 %,4
2025-10-22 15:23:58.7,workload_flan_t5_small_us-east1,NVIDIA A100-SXM4-40GB,0,88.57 W,41,250.99 W (est),1350 MHz,1215 MHz,1.2 %,16,1350 MHz,0.0 %,13.50 W (freq-based estimate),39,11 %,45 %,4
2025-10-22 15:24:00.0,workload_flan_t5_small_us-east1,NVIDIA A100-SXM4-40GB,0,90.05 W,41,250.99 W (est),1350 MHz,1215 MHz,1.2 %,16,1350 MHz,0.0 %,13.50 W (freq-based estimate),40,6 %,22 %,4
2025-10-22 15:24:01.3,workload_flan_t5_small_us-east1,NVIDIA A100-SXM4-40GB,0,85.02 W,41,250.99 W (est),1350 MHz,1215 MHz,1.2 %,16,1350 MHz,0.0 %,13.50 W (freq-based estimate),39,10 %,37 %,4
2025-10-22 15:24:02.6,workload_flan_t5_small_us-east1,NVIDIA A100-SXM4-40GB,0,77.12 W,40,250.99 W (est),1095 MHz,1215 MHz,1.2 %,16,1095 MHz,0.0 %,13.50 W (freq-based estimate),39,8 %,32 %,4
2025-10-22 15:24:03.9,workload_flan_t5_small_us-east1,NVIDIA A100-SXM4-40GB,0,201.28 W,42,250.99 W (est),1275 MHz,1215 MHz,1.2 %,16,1275 MHz,0.0 %,13.50 W (freq-based estimate),40,5 %,20 %,4
2025-10-22 15:24:05.2,workload_flan_t5_small_us-east1,NVIDIA A100-SXM4-40GB,0,89.72 W,41,250.99 W (est),1395 MHz,1215 MHz,1.2 %,16,1395 MHz,0.0 %,13.50 W (freq-based estimate),39,11 %,40 %,4
2025-10-22 15:24:06.5,workload_flan_t5_small_us-east1,NVIDIA A100-SXM4-40GB,0,98.23 W,42,250.99 W (est),1395 MHz,1215 MHz,1.2 %,16,1395 MHz,0.0 %,13.50 W (freq-based estimate),39,5 %,19 %,4
2025-10-22 15:24:07.9,workload_flan_t5_small_us-east1,NVIDIA A100-SXM4-40GB,0,89.17 W,41,250.99 W (est),1365 MHz,1215 MHz,1.2 %,16,1365 MHz,0.0 %,13.50 W (freq-based estimate),39,5 %,22 %,4
2025-10-22 15:24:09.2,workload_flan_t5_small_us-east1,NVIDIA A100-SXM4-40GB,0,88.07 W,41,250.99 W (est),1350 MHz,1215 MHz,1.2 %,16,1350 MHz,0.0 %,13.50 W (freq-based estimate),39,11 %,46 %,4
2025-10-22 15:24:10.5,workload_flan_t5_small_us-east1,NVIDIA A100-SXM4-40GB,0,98.23 W,44,250.99 W (est),1410 MHz,1215 MHz,1.2 %,16,1410 MHz,0.0 %,13.50 W (freq-based estimate),40,5 %,19 %,4
2025-10-22 15:24:11.8,workload_flan_t5_small_us-east1,NVIDIA A100-SXM4-40GB,0,98.23 W,41,250.99 W (est),1410 MHz,1215 MHz,1.2 %,16,1410 MHz,0.0 %,13.50 W (freq-based estimate),39,7 %,26 %,4
2025-10-22 15:24:13.1,workload_flan_t5_small_us-east1,NVIDIA A100-SXM4-40GB,0,104.68 W,42,250.99 W (est),1335 MHz,1215 MHz,1.2 %,16,1335 MHz,0.0 %,13.50 W (freq-based estimate),39,4 %,19 %,4
2025-10-22 15:24:14.5,workload_flan_t5_small_us-east1,NVIDIA A100-SXM4-40GB,0,90.68 W,41,250.99 W (est),1170 MHz,1215 MHz,1.2 %,16,1170 MHz,0.0 %,13.50 W (freq-based estimate),39,7 %,27 %,4
2025-10-22 15:24:15.8,workload_flan_t5_small_us-east1,NVIDIA A100-SXM4-40GB,0,82.77 W,41,250.99 W (est),1395 MHz,1215 MHz,1.2 %,16,1395 MHz,0.0 %,13.50 W (freq-based estimate),40,5 %,20 %,4
2025-10-22 15:24:17.2,workload_flan_t5_small_us-east1,NVIDIA A100-SXM4-40GB,0,92.17 W,41,250.99 W (est),1395 MHz,1215 MHz,1.2 %,16,1395 MHz,0.0 %,13.50 W (freq-based estimate),40,9 %,31 %,4
2025-10-22 15:24:18.5,workload_flan_t5_small_us-east1,NVIDIA A100-SXM4-40GB,0,89.54 W,40,250.99 W (est),1350 MHz,1215 MHz,1.2 %,16,1350 MHz,0.0 %,13.50 W (freq-based estimate),39,10 %,38 %,4
2025-10-22 15:24:19.9,workload_flan_t5_small_us-east1,NVIDIA A100-SXM4-40GB,0,78.59 W,40,250.99 W (est),1215 MHz,1215 MHz,1.2 %,16,1215 MHz,0.0 %,13.50 W (freq-based estimate),38,8 %,34 %,4
2025-10-22 15:24:21.2,workload_flan_t5_small_us-east1,NVIDIA A100-SXM4-40GB,0,86.92 W,40,250.99 W (est),1275 MHz,1215 MHz,1.2 %,16,1275 MHz,0.0 %,13.50 W (freq-based estimate),38,4 %,17 %,4
2025-10-22 15:24:22.5,workload_flan_t5_small_us-east1,NVIDIA A100-SXM4-40GB,0,137.58 W,42,250.99 W (est),1380 MHz,1215 MHz,1.2 %,16,1380 MHz,0.0 %,13.50 W (freq-based estimate),40,8 %,31 %,4
2025-10-22 15:24:23.8,workload_flan_t5_small_us-east1,NVIDIA A100-SXM4-40GB,0,86.31 W,40,250.99 W (est),1380 MHz,1215 MHz,1.2 %,16,1380 MHz,0.0 %,13.50 W (freq-based estimate),38,11 %,47 %,4
2025-10-22 15:24:25.2,workload_flan_t5_small_us-east1,NVIDIA A100-SXM4-40GB,0,84.24 W,40,250.99 W (est),1380 MHz,1215 MHz,1.2 %,16,1380 MHz,0.0 %,13.50 W (freq-based estimate),38,4 %,17 %,4
2025-10-22 15:24:26.5,workload_flan_t5_small_us-east1,NVIDIA A100-SXM4-40GB,0,82.49 W,41,250.99 W (est),1245 MHz,1215 MHz,1.2 %,16,1245 MHz,0.0 %,13.50 W (freq-based estimate),39,7 %,28 %,4
2025-10-22 15:24:27.8,workload_flan_t5_small_us-east1,NVIDIA A100-SXM4-40GB,0,93.64 W,41,250.99 W (est),1410 MHz,1215 MHz,1.2 %,16,1410 MHz,0.0 %,13.50 W (freq-based estimate),38,5 %,19 %,4
2025-10-22 15:24:29.1,workload_flan_t5_small_us-east1,NVIDIA A100-SXM4-40GB,0,87.79 W,41,250.99 W (est),1350 MHz,1215 MHz,1.2 %,16,1350 MHz,0.0 %,13.50 W (freq-based estimate),39,11 %,45 %,4
2025-10-22 15:24:30.4,workload_flan_t5_small_us-east1,NVIDIA A100-SXM4-40GB,0,91.79 W,43,250.99 W (est),1395 MHz,1215 MHz,1.2 %,16,1395 MHz,0.0 %,13.50 W (freq-based estimate),40,8 %,26 %,4
2025-10-22 15:24:31.7,workload_flan_t5_small_us-east1,NVIDIA A100-SXM4-40GB,0,96.59 W,41,250.99 W (est),1410 MHz,1215 MHz,1.2 %,16,1410 MHz,0.0 %,13.50 W (freq-based estimate),39,8 %,29 %,4
2025-10-22 15:24:33.0,workload_flan_t5_small_us-east1,NVIDIA A100-SXM4-40GB,0,99.81 W,41,250.99 W (est),1365 MHz,1215 MHz,1.2 %,16,1365 MHz,0.0 %,13.50 W (freq-based estimate),39,11 %,45 %,4
2025-10-22 15:24:34.4,workload_flan_t5_small_us-east1,NVIDIA A100-SXM4-40GB,0,101.18 W,43,250.99 W (est),1410 MHz,1215 MHz,1.2 %,16,1410 MHz,0.0 %,13.50 W (freq-based estimate),40,7 %,25 %,4
2025-10-22 15:24:35.7,workload_flan_t5_small_us-east1,NVIDIA A100-SXM4-40GB,0,99.21 W,41,250.99 W (est),1410 MHz,1215 MHz,1.2 %,16,1410 MHz,0.0 %,13.50 W (freq-based estimate),39,7 %,27 %,4
2025-10-22 15:24:37.0,workload_flan_t5_small_us-east1,NVIDIA A100-SXM4-40GB,0,96.22 W,41,250.99 W (est),1410 MHz,1215 MHz,1.2 %,16,1410 MHz,0.0 %,13.50 W (freq-based estimate),39,11 %,39 %,4
2025-10-22 15:24:38.3,workload_flan_t5_small_us-east1,NVIDIA A100-SXM4-40GB,0,85.99 W,41,250.99 W (est),1335 MHz,1215 MHz,1.2 %,16,1335 MHz,0.0 %,13.50 W (freq-based estimate),39,5 %,19 %,4
2025-10-22 15:24:39.6,workload_flan_t5_small_us-east1,NVIDIA A100-SXM4-40GB,0,93.64 W,41,250.99 W (est),1410 MHz,1215 MHz,1.2 %,16,1410 MHz,0.0 %,13.50 W (freq-based estimate),39,11 %,40 %,4
2025-10-22 15:24:40.9,workload_flan_t5_small_us-east1,NVIDIA A100-SXM4-40GB,0,147.51 W,43,250.99 W (est),1410 MHz,1215 MHz,1.2 %,16,1410 MHz,0.0 %,13.50 W (freq-based estimate),39,5 %,18 %,4
2025-10-22 15:24:42.2,workload_flan_t5_small_us-east1,NVIDIA A100-SXM4-40GB,0,98.94 W,41,250.99 W (est),1410 MHz,1215 MHz,1.2 %,16,1410 MHz,0.0 %,13.50 W (freq-based estimate),39,8 %,31 %,4
2025-10-22 15:24:43.5,workload_flan_t5_small_us-east1,NVIDIA A100-SXM4-40GB,0,93.36 W,41,250.99 W (est),1350 MHz,1215 MHz,1.2 %,16,1350 MHz,0.0 %,13.50 W (freq-based estimate),39,5 %,19 %,4
2025-10-22 15:24:44.8,workload_flan_t5_small_us-east1,NVIDIA A100-SXM4-40GB,0,141.68 W,41,250.66 W (est),1350 MHz,1215 MHz,1.0 %,16,1350 MHz,0.0 %,13.50 W (freq-based estimate),39,3 %,19 %,4
2025-10-22 15:24:46.5,workload_flan_t5_small_us-east1,NVIDIA A100-SXM4-40GB,0,63.97 W,39,250.66 W (est),1095 MHz,1215 MHz,1.0 %,16,1095 MHz,0.0 %,13.50 W (freq-based estimate),37,0 %,0 %,4
2025-10-22 15:24:48.6,workload_flan_t5_small_us-east1,NVIDIA A100-SXM4-40GB,0,64.85 W,38,250.66 W (est),1125 MHz,1215 MHz,1.0 %,16,1125 MHz,0.0 %,13.50 W (freq-based estimate),37,0 %,0 %,4
2025-10-22 15:24:49.9,workload_flan_t5_small_us-east1,NVIDIA A100-SXM4-40GB,0,63.42 W,38,250.66 W (est),1095 MHz,1215 MHz,1.0 %,16,1095 MHz,0.0 %,13.50 W (freq-based estimate),37,0 %,0 %,4
2025-10-22 15:24:51.2,workload_flan_t5_small_us-east1,NVIDIA A100-SXM4-40GB,0,63.42 W,38,250.66 W (est),1095 MHz,1215 MHz,1.0 %,16,1095 MHz,0.0 %,13.50 W (freq-based estimate),37,0 %,0 %,4
2025-10-22 15:24:52.5,workload_flan_t5_small_us-east1,NVIDIA A100-SXM4-40GB,0,63.42 W,38,250.83 W (est),1095 MHz,1215 MHz,1.1 %,16,1095 MHz,0.0 %,13.50 W (freq-based estimate),37,0 %,0 %,4
2025-10-22 15:24:53.8,workload_flan_t5_small_us-east1,NVIDIA A100-SXM4-40GB,0,63.42 W,38,250.99 W (est),1095 MHz,1215 MHz,1.1 %,16,1095 MHz,0.0 %,13.50 W (freq-based estimate),37,0 %,0 %,4
2025-10-22 15:24:55.1,workload_flan_t5_small_us-east1,NVIDIA A100-SXM4-40GB,0,63.42 W,38,250.99 W (est),1095 MHz,1215 MHz,1.2 %,16,1095 MHz,0.0 %,13.50 W (freq-based estimate),36,0 %,0 %,4
2025-10-22 15:24:56.4,workload_flan_t5_small_us-east1,NVIDIA A100-SXM4-40GB,0,63.42 W,38,250.99 W (est),1095 MHz,1215 MHz,1.2 %,16,1095 MHz,0.0 %,13.50 W (freq-based estimate),36,0 %,0 %,4
2025-10-22 15:24:57.7,workload_flan_t5_small_us-east1,NVIDIA A100-SXM4-40GB,0,63.42 W,38,250.99 W (est),1095 MHz,1215 MHz,1.2 %,16,1095 MHz,0.0 %,13.50 W (freq-based estimate),36,0 %,0 %,4
2025-10-22 15:24:59.0,workload_flan_t5_small_us-east1,NVIDIA A100-SXM4-40GB,0,63.42 W,38,250.99 W (est),1095 MHz,1215 MHz,1.2 %,16,1095 MHz,0.0 %,13.50 W (freq-based estimate),36,0 %,0 %,4
2025-10-22 15:25:00.4,workload_flan_t5_small_us-east1,NVIDIA A100-SXM4-40GB,0,63.10 W,37,250.99 W (est),1095 MHz,1215 MHz,1.2 %,16,1095 MHz,0.0 %,13.50 W (freq-based estimate),36,0 %,0 %,4
2025-10-22 15:25:01.7,workload_flan_t5_small_us-east1,NVIDIA A100-SXM4-40GB,0,63.10 W,37,250.83 W (est),1095 MHz,1215 MHz,1.1 %,16,1095 MHz,0.0 %,13.50 W (freq-based estimate),36,0 %,0 %,4
2025-10-22 15:25:03.0,workload_flan_t5_small_us-east1,NVIDIA A100-SXM4-40GB,0,63.10 W,37,250.83 W (est),1095 MHz,1215 MHz,1.1 %,16,1095 MHz,0.0 %,13.50 W (freq-based estimate),36,0 %,0 %,4
